Gene.ID,logFC,logCPM,LR,PValue,FDR,tax_level,genus_tax_id,name,category
-100,0,9.24881777060748,0,1,1,1,-200,all taxa with neither family nor genus classification,N/A
101564,0,9.26115390869434,0,1,1,1,286,Pseudomonas alcaliphila,bacteria
1017,0,9.25633915263169,0,1,1,1,1016,Capnocytophaga gingivalis,bacteria
1030157,0,9.26079822585507,0,1,1,1,13687,Sphingomonas sp. KC8,bacteria
104336,0,9.26339813041151,0,1,1,1,33882,Microbacterium foliorum,bacteria
1047172,0,9.24881777060748,0,1,1,1,1817,Nocardia sp. CS682,bacteria
1048396,0,9.24881777060748,0,1,1,1,1209988,Halopenitus persicus,archaea
1049583,0,9.26187315462348,0,1,1,1,57493,Kocuria indica,bacteria
105560,0,9.25949198235051,0,1,1,1,316612,Methylibium petroleiphilum,bacteria
1061,0,9.25394553059171,0,1,1,1,1060,Rhodobacter capsulatus,bacteria
1063,2.26919192795165,9.27675929576391,3.49537504787276,0.0615404672732135,0.987855430521544,1,1060,Rhodobacter sphaeroides,bacteria
106590,0,9.25628574217272,0,1,1,1,106589,Cupriavidus necator,bacteria
106648,0,9.26110560194745,0,1,1,1,469,Acinetobacter bereziniae,bacteria
106649,0.133549669176327,9.78827819803433,0.0123958294452535,0.911349465450962,1,1,469,Acinetobacter guillouiae,bacteria
106654,1.51368004380889,9.27879828318608,2.00248871110388,0.157041177242993,0.987855430521544,1,469,Acinetobacter nosocomialis,bacteria
107401,0,9.24881777060748,0,1,1,1,104267,Tenacibaculum maritimum,bacteria
1076,0,9.25411632702715,0,1,1,1,1073,Rhodopseudomonas palustris,bacteria
1076550,0,9.25919490094702,0,1,1,1,53335,Pantoea rwandensis,bacteria
1082851,-2.0454021255488,9.27469781617393,2.98016989471762,0.0842904241326568,0.987855430521544,1,283,Comamonas serinivorans,bacteria
108486,0,9.25996232619522,0,1,1,1,1716,Corynebacterium falsenii,bacteria
108980,0,9.26348898815618,0,1,1,1,469,Acinetobacter ursingii,bacteria
108981,2.6913740252362,9.29694904374849,4.42462574635321,0.0354238808478247,0.987855430521544,1,469,Acinetobacter schindleri,bacteria
1096856,0,9.24881777060748,0,1,1,1,1847,Pseudonocardia sp. EC080619-01,bacteria
1096868,0.942836521482315,9.25537112300017,1.098544154051,0.294585823743913,1,1,1847,Pseudonocardia sp. EC080625-04,bacteria
1097667,0,9.2622725273704,0,1,1,1,361607,Patulibacter medicamentivorans,bacteria
109790,1.4894349579892,9.26159101996669,1.97458989898076,0.15996151174046,0.987855430521544,1,1578,Lactobacillus jensenii,bacteria
111015,1.55362783691195,9.26313861840403,2.04842689569347,0.152363549288586,0.987855430521544,1,1654,Actinomyces radicidentis,bacteria
1115758,0,9.24881777060748,0,1,1,1,1501226,Romboutsia ilealis,bacteria
1117645,0.958134935699619,13.0522185526239,0.64470793547931,0.42201110954215,1,1,308865,Elizabethkingia anophelis,bacteria
1121358,0.935450714140002,9.25522904353724,1.09339063414263,0.295721173185634,1,1,1716,Corynebacterium doosanense,bacteria
1124835,1.55362783691195,9.281456637656,2.04842689569347,0.152363549288585,0.987855430521544,1,59732,Chryseobacterium carnipullorum,bacteria
113107,1.65889161428728,9.26600292129747,2.16912248532633,0.140806561495654,0.987855430521544,1,1301,Streptococcus australis,bacteria
1134687,0,9.25886967231506,0,1,1,1,570,Klebsiella michiganensis,bacteria
114,0,9.27655510554364,0,1,1,1,113,Gemmata obscuriglobus,bacteria
114051,0,9.24881777060748,0,1,1,1,1269,uncultured Micrococcus sp.,bacteria
1141883,0.94955539337565,9.26323468792829,1.10321323548016,0.293562013357215,1,1,149698,Massilia putida,bacteria
114424,0,9.24881777060748,0,1,1,1,10509,Ovine mastadenovirus A,viruses
1144668,1.55362783691195,9.26313861840403,2.04842689569347,0.152363549288586,0.987855430521544,1,469,Acinetobacter sp. CIP 102529,bacteria
114529,0,9.24881777060748,0,1,1,1,2251,Haloferax alexandrinus,archaea
1149952,0,9.24881777060748,0,1,1,1,234,Brucella sp. 09RB8471,bacteria
115808,-2.02276679495882,9.27386658460702,2.95064346996426,0.0858433719691762,0.987855430521544,1,374,Bradyrhizobium sp. ORS 285,bacteria
1173280,0,9.24881777060748,0,1,1,1,286,Pseudomonas sp. R2-60-08W,bacteria
117567,0,9.24881777060748,0,1,1,1,1866885,Mycolicibacterium frederiksbergense,bacteria
1176587,1.58883686261121,9.26405009398851,2.08886758348668,0.148376018234738,0.987855430521544,1,379899,Niabella ginsenosidivorans,bacteria
1176649,0,9.25311261483978,0,1,1,1,357,Agrobacterium fabrum,bacteria
1177574,0,9.24881777060748,0,1,1,1,838,Prevotella jejuni,bacteria
1179670,1.07136560676016,9.38742182010105,0.702202509145827,0.402044607474214,1,1,1269,Micrococcus sp. KBS0714,bacteria
119219,1.50255692143637,9.27416869059822,1.98969055040447,0.158373238787958,0.987855430521544,1,106589,Cupriavidus metallidurans,bacteria
1195817,0,9.24881777060748,0,1,1,1,-200,bacterium EBAD26,bacteria
1211,0,9.24881777060748,0,1,1,1,-200,uncultured cyanobacterium,bacteria
1223514,0,9.27610694100992,0,1,1,1,1716,Corynebacterium humireducens,bacteria
12260,0,9.24881777060748,0,1,1,1,12258,Bean pod mottle virus,viruses
1226968,0,9.24881777060748,0,1,1,1,191,Azospirillum humicireducens,bacteria
1230998,0,9.25222650127673,0,1,1,1,1716,Corynebacterium frankenforstense,bacteria
1235645,0,9.24881777060748,0,1,1,1,1982251,Propionibacterium phage PHL010M04,viruses
1235651,0,9.24881777060748,0,1,1,1,1982251,Propionibacterium phage PHL073M02,viruses
1241978,0,9.24881777060748,0,1,1,1,59732,Chryseobacterium bernardetii,bacteria
1241982,0,9.24881777060748,0,1,1,1,59732,Chryseobacterium nakagawai,bacteria
1249,1.49037358924799,9.26161262133055,1.97567014663956,0.159847291903996,0.987855430521544,1,46255,Weissella paramesenteroides,bacteria
1249933,0,9.24881777060748,0,1,1,1,286104,Winogradskyella sp. RHA_55,bacteria
1250205,0,9.24881777060748,0,1,1,1,292691,Gramella sp. MAR_2010_147,bacteria
1252,1.58883686261121,9.28491159717813,2.08886758348669,0.148376018234738,0.987855430521544,1,1243,Leuconostoc carnosum,bacteria
1256574,0,9.27352724310139,0,1,1,1,-200,uncultured bacterium A1Q1_fos_4,bacteria
1260,2.18232734238897,9.82821987268926,2.7704757021568,0.0960176223920023,0.987855430521544,1,150022,Finegoldia magna,bacteria
1267768,0,9.24881777060748,0,1,1,1,1855413,Brevirhabdus pacifica,bacteria
1270,2.99629508749639,10.8683945068844,5.31822079341072,0.0211035485107497,0.987855430521544,1,1269,Micrococcus luteus,bacteria
1273687,0,9.24881777060748,0,1,1,1,1763,Mycobacterium sp. VKM Ac-1817D,bacteria
1274,1.4230271077033,10.6620422268558,1.3368586991935,0.247588703524925,1,1,57495,Dermacoccus nishinomiyaensis,bacteria
1274359,0,9.2688560553036,0,1,1,1,286,Pseudomonas sihuiensis,bacteria
1275,0,9.24881777060748,0,1,1,1,57493,Kocuria rosea,bacteria
1276,1.49037358924799,9.26161262133055,1.97567014663956,0.159847291903996,0.987855430521544,1,57499,Kytococcus sedentarius,bacteria
1279031,0,9.24881777060748,0,1,1,1,357,Agrobacterium sp. 33MFTa1.1,bacteria
1280,1.29120504840319,9.87075902300192,1.04151367101609,0.307469693233974,1,1,1279,Staphylococcus aureus,bacteria
1282,1.98935396853788,10.3000715653347,2.4382274334837,0.118409962142734,0.987855430521544,1,1279,Staphylococcus epidermidis,bacteria
1283,-0.50988765000483,9.31277579652678,0.118679099957991,0.730471551092738,1,1,1279,Staphylococcus haemolyticus,bacteria
1283291,1.49037358924799,9.26161262133055,1.97567014663956,0.159847291903996,0.987855430521544,1,286,Pseudomonas sp. URMO17WK12:I11,bacteria
1286,0,9.25527895153683,0,1,1,1,1279,Staphylococcus simulans,bacteria
128780,0,9.25310774895363,0,1,1,1,40323,Stenotrophomonas acidaminiphila,bacteria
1290,3.88091006304709,9.68032604316996,7.86983259406354,0.00502663065080025,0.696343783433443,1,1279,Staphylococcus hominis,bacteria
1292,2.45133864017123,9.29562968349217,3.82172442498248,0.0505921446131346,0.987855430521544,1,1279,Staphylococcus warneri,bacteria
1295,0,9.25284580289154,0,1,1,1,1279,Staphylococcus schleiferi,bacteria
1296669,0,9.24881777060748,0,1,1,1,92793,Aquabacterium olei,bacteria
129817,-1.30354653614876,9.2658049726623,1.54878716440508,0.213314577588962,1,1,286,Pseudomonas brenneri,bacteria
1302,0,9.2584232349733,0,1,1,1,1301,Streptococcus gordonii,bacteria
1302308,0,9.24881777060748,0,1,1,1,1827,Rhodococcus sp. P1Y,bacteria
1303,1.59723431526698,9.30267893605571,2.0985040383904,0.147443334042947,0.987855430521544,1,1301,Streptococcus oralis,bacteria
1304,1.58883686261121,9.27397513776795,2.08886758348669,0.148376018234738,0.987855430521544,1,1301,Streptococcus salivarius,bacteria
1305,2.80564938300216,9.31197980672182,4.76791392501902,0.0289949382508334,0.987855430521544,1,1301,Streptococcus sanguinis,bacteria
1306519,0,9.2535107879414,0,1,1,1,237,Flavobacterium commune,bacteria
1308,1.75448869228602,10.4505146054435,1.96741502008095,0.160722510521362,0.987855430521544,1,1301,Streptococcus thermophilus,bacteria
1309411,0,9.25417026199336,0,1,1,1,1298,Deinococcus soli Cha et al. 2016,bacteria
1311,2.84263893139676,9.33702022680565,4.8463053993069,0.0277054147578612,0.987855430521544,1,1301,Streptococcus agalactiae,bacteria
1313,1.62051590040592,9.40684880351176,1.50528860103449,0.219859413994821,1,1,1301,Streptococcus pneumoniae,bacteria
13136,0,9.24881777060748,0,1,1,1,-200,unidentified marine bacterioplankton,bacteria
1314,0,9.27676316741116,0,1,1,1,1301,Streptococcus pyogenes,bacteria
131568,0,9.25235447941889,0,1,1,1,33981,Kineococcus radiotolerans,bacteria
1322301,0,9.24881777060748,0,1,1,1,59732,Chryseobacterium sp. Iso-52,bacteria
1324352,0,9.24881777060748,0,1,1,1,59732,Chryseobacterium gallinarum,bacteria
1324796,0,9.24881777060748,0,1,1,1,68,Lysobacter lycopersici,bacteria
1325095,0,9.24881777060748,0,1,1,1,374,Bradyrhizobium guangzhouense,bacteria
1325724,0,9.24881777060748,0,1,1,1,41275,Brevundimonas vancanneytii,bacteria
1328,0,10.1106374668866,0,1,1,1,1301,Streptococcus anginosus,bacteria
1329,0,9.24881777060748,0,1,1,1,1301,Streptococcus canis,bacteria
132919,0,9.25993247913659,0,1,1,1,1827,Rhodococcus jostii,bacteria
1332264,0,9.26825725012349,0,1,1,1,72763,Tessaracoccus aquimaris,bacteria
1334,2.34989125705343,9.42855378583479,3.64088577180692,0.0563769327927651,0.987855430521544,1,1301,Streptococcus dysgalactiae,bacteria
1335061,1.65889161428728,9.26600292129747,2.16912248532633,0.140806561495654,0.987855430521544,1,379,Rhizobium flavum,bacteria
1338,0,9.27032890747452,0,1,1,1,1301,Streptococcus intermedius,bacteria
1338689,0,9.25960492948178,0,1,1,1,286,Pseudomonas sp. JY-Q,bacteria
134634,0,9.24881777060748,0,1,1,1,178440,Opitutus sp. VeGlc2,bacteria
1351,0,9.26115390869434,0,1,1,1,1350,Enterococcus faecalis,bacteria
1351072,0,9.24881777060748,0,1,1,1,-200085023,Microbacteriaceae bacterium N4_97_1,bacteria
1354,0,9.25737446479659,0,1,1,1,1350,Enterococcus hirae,bacteria
1358,0.749765952389567,9.61481315058779,0.350806583262681,0.553656897624737,1,1,1357,Lactococcus lactis,bacteria
1366,0,9.28188310656983,0,1,1,1,1357,Lactococcus raffinolactis,bacteria
136857,0,9.25731683116482,0,1,1,1,1716,Corynebacterium testudinoris,bacteria
13689,1.74382705674366,9.61644048546135,1.73102816375139,0.18827964479466,1,1,13687,Sphingomonas paucimobilis,bacteria
13690,0,9.28739312505147,0,1,1,1,165695,Sphingobium yanoikuyae,bacteria
1377,0,9.26404383131739,0,1,1,1,1375,Aerococcus viridans,bacteria
1379,0,9.28843794890073,0,1,1,1,1378,Gemella haemolysans,bacteria
138336,0,9.25771223713917,0,1,1,1,38501,Blastococcus saxobsidens,bacteria
1383844,0,9.24881777060748,0,1,1,1,56688,Halorubrum persicum,archaea
1385663,0,9.24881777060748,0,1,1,1,89966,Hymenobacter sp. DG25A,bacteria
1389713,0,9.24881777060748,0,1,1,1,1763,Mycobacterium paragordonae,bacteria
139021,0,9.24881777060748,0,1,1,1,37914,Dietzia psychralcaliphila,bacteria
1390395,0.973489413301839,9.26634705168306,1.11969623003059,0.289983872869383,1,1,13687,Sphingomonas sp. LK11,bacteria
1396,0,9.25305837564826,0,1,1,1,1386,Bacillus cereus,bacteria
1396826,0,9.25492493668824,0,1,1,1,191028,Leisingera aquaemixtae,bacteria
1404244,1.65889161428728,9.27612407324754,2.16912248532633,0.140806561495656,0.987855430521544,1,1716,Corynebacterium glyciniphilum,bacteria
1406950,0,9.26122751460728,0,1,1,1,-200011270,North Creek virus,viruses
1407499,0,9.24881777060748,0,1,1,1,2239,Halobacterium hubeiense,archaea
1415630,0,9.31201219404455,0,1,1,1,286,Pseudomonas sp. TKP,bacteria
1419814,0,9.24881777060748,0,1,1,1,1301,Streptococcus sp. VT 162,bacteria
1421430,0,9.24881777060748,0,1,1,1,286,Pseudomonas granadensis,bacteria
1433513,0,9.24881777060748,0,1,1,1,1301,Streptococcus gwangjuense,bacteria
1458355,0,9.27032890747452,0,1,1,1,2100764,Mixta theicola,bacteria
1458425,0,9.27352724310139,0,1,1,1,2490452,Serpentinomonas raichei,bacteria
146017,0,9.25496230325128,0,1,1,1,1866885,Mycolicibacterium boenickei,bacteria
1463165,0,9.27032890747452,0,1,1,1,570,Klebsiella quasipneumoniae,bacteria
146827,1.51180139040296,9.28749395267636,2.00029140076845,0.157268969693615,0.987855430521544,1,1716,Corynebacterium simulans,bacteria
146923,0,9.30767257411292,0,1,1,1,1883,Streptomyces parvulus,bacteria
147645,0.0315560148224912,9.59220973829373,0.00110560094287848,0.973474764920364,1,1,265,Paracoccus yeei,bacteria
1476577,0,9.25362886006273,0,1,1,1,-200,Candidatus Saccharibacteria oral taxon TM7x,bacteria
147802,0,9.26854413572982,0,1,1,1,1578,Lactobacillus iners,bacteria
1479019,2.84618339652278,9.30999126285045,4.85630647964051,0.0275452449528964,0.987855430521544,1,407,Methylobacterium sp. C1,bacteria
1484116,1.59723431526698,9.2642742700635,2.0985040383904,0.147443334042948,0.987855430521544,1,89966,Hymenobacter sp. PAMC 26554,bacteria
1484118,0,9.25732829566276,0,1,1,1,89966,Hymenobacter sp. PAMC 26628,bacteria
1484157,0,9.24881777060748,0,1,1,1,53335,Pantoea sp. PSNIH2,bacteria
1484693,0,9.27079231780437,0,1,1,1,28065,Rhodoferax saidenbachensis,bacteria
1484762,0,9.24881777060748,0,1,1,1,547,Enterobacter sp. CZGSD3,bacteria
1486245,0,9.24881777060748,0,1,1,1,292691,Gramella flava,bacteria
1487956,0,9.24881777060748,0,1,1,1,1716,Corynebacterium sp. ATCC 6931,bacteria
1491,2.28531293127908,9.30716594936204,3.52554035722708,0.0604301240753684,0.987855430521544,1,1485,Clostridium botulinum,bacteria
1492898,0,9.26700369176572,0,1,1,1,398041,Flavisolibacter tropicus,bacteria
1493872,0,9.24881777060748,0,1,1,1,59732,Chryseobacterium shandongense,bacteria
149589,0,9.24881777060748,0,1,1,1,-200000126,planctomycete str. 639,bacteria
1496080,0,9.24881777060748,0,1,1,1,1696,Brevibacterium sp. YB235,bacteria
1498,0,9.24881777060748,0,1,1,1,1769729,Hathewaya histolytica,bacteria
1499308,0,9.24881777060748,0,1,1,1,265,Paracoccus mutanolyticus,bacteria
150055,0,9.24881777060748,0,1,1,1,1301,Streptococcus lutetiensis,bacteria
1502,0,9.25884570210325,0,1,1,1,1485,Clostridium perfringens,bacteria
1505,0,9.25793536528841,0,1,1,1,1849828,Paeniclostridium sordellii,bacteria
1505597,0,9.24881777060748,0,1,1,1,203804,Blochmannia endosymbiont of Camponotus (Colobopsis) obliquus,bacteria
1515612,1.58883686261121,9.2689743737172,2.08886758348669,0.148376018234737,0.987855430521544,1,165697,Sphingopyxis fribergensis,bacteria
1517,1.49037358924799,9.26161262133055,1.97567014663956,0.159847291903996,0.987855430521544,1,28895,Thermoanaerobacterium thermosaccharolyticum,bacteria
151783,0,9.24881777060748,0,1,1,1,106589,Cupriavidus campinensis,bacteria
1523415,0,9.24881777060748,0,1,1,1,13687,Sphingomonas sp. AAP5,bacteria
1524,0,9.24881777060748,0,1,1,1,1506577,[Clostridium] piliforme,bacteria
152507,0,9.24881777060748,0,1,1,1,-200,uncultured actinobacterium,bacteria
152509,0,9.24881777060748,0,1,1,1,-200,uncultured Bacteroidetes bacterium,bacteria
152682,3.81341840754134,9.43143901462263,7.64963905778278,0.00567836815546979,0.696343783433443,1,13687,Sphingomonas melonis,bacteria
1528099,3.14587067742529,9.41573882374142,5.68486108381105,0.0171118941881965,0.987855430521544,1,1847725,Lawsonella clevelandensis,bacteria
1532555,1.10332588741564,9.38465315253398,0.734880833215946,0.391305680848748,1,1,41275,Brevundimonas sp. DS20,bacteria
1539298,1.65889161428728,9.26600292129747,2.16912248532633,0.140806561495654,0.987855430521544,1,157,Treponema sp. OMZ 838,bacteria
154046,1.4894349579892,9.26159101996669,1.97458989898076,0.15996151174046,0.987855430521544,1,1649459,Hungatella hathewayi,bacteria
1546149,0,9.25089586937195,0,1,1,1,238749,Diaphorobacter polyhydroxybutyrativorans,bacteria
1547487,0,9.24881777060748,0,1,1,1,1763,Mycobacterium sp. ELW1,bacteria
1547899,0,9.24881777060748,0,1,1,1,376170,Haloplanus sp. CBA1113,archaea
1549858,0,9.253100955212,0,1,1,1,13687,Sphingomonas taxi,bacteria
1550728,0,9.24881777060748,0,1,1,1,150203,Blastomonas fulva,bacteria
1552759,-1.28636727999204,9.26179806276595,1.53683416973533,0.215089648448257,1,1,1763,Mycobacterium grossiae,bacteria
155567,0,9.24881777060748,0,1,1,1,379,uncultured Rhizobium sp.,bacteria
155866,0,9.24881777060748,0,1,1,1,46255,Weissella soli,bacteria
155900,0.641749468099348,9.67804229644508,0.260175804582602,0.609999400438122,1,1,-200,uncultured organism,N/A
1560345,0,9.25562634598356,0,1,1,1,13687,Sphingomonas panacis,bacteria
1561,1.55362783691195,9.26313861840403,2.04842689569347,0.152363549288586,0.987855430521544,1,1485,Clostridium baratii,bacteria
1563222,0,9.26187315462348,0,1,1,1,544,Citrobacter pasteurii,bacteria
156588,0,9.24881777060748,0,1,1,1,-200,uncultured Verrucomicrobia bacterium,bacteria
1566358,0,9.24881777060748,0,1,1,1,44249,Paenibacillus sp. IHBB 10380,bacteria
156976,0,9.26100663087213,0,1,1,1,1716,Corynebacterium riegelii,bacteria
156978,1.52104336872596,9.30492134747945,2.01095947971904,0.156166525146924,0.987855430521544,1,1716,Corynebacterium imitans,bacteria
1570328,0,9.24881777060748,0,1,1,1,1763,Arthrobacter sp. SLBN-53,bacteria
1571,0,9.25497460183386,0,1,1,1,1569,Sporosarcina ureae,bacteria
157687,-2.00026123925282,9.27303526878498,2.92160155153403,0.087401076635737,0.987855430521544,1,32067,Leptotrichia wadei,bacteria
157688,0,9.25968978622953,0,1,1,1,32067,Leptotrichia hofstadii,bacteria
157691,1.59723431526698,9.2642742700635,2.0985040383904,0.147443334042948,0.987855430521544,1,32067,Leptotrichia shahii,bacteria
1584,3.69881603467291,9.39727711302647,7.29669089358307,0.00690817245469686,0.696343783433443,1,1578,Lactobacillus delbrueckii,bacteria
1587,0,9.25524059131662,0,1,1,1,1578,Lactobacillus helveticus,bacteria
158836,2.82489767131156,9.74117809746102,4.81004168666212,0.0282943608033356,0.987855430521544,1,547,Enterobacter hormaechei,bacteria
158899,0,9.25968978622953,0,1,1,1,202907,Collimonas fungivorans,bacteria
1590,0,9.27307215917274,0,1,1,1,1578,Lactobacillus plantarum,bacteria
1593482,0,9.24881777060748,0,1,1,1,149698,Massilia sp. YMA4,bacteria
1596,0,9.25779875966422,0,1,1,1,1578,Lactobacillus gasseri,bacteria
1597,2.34699062348676,9.27937322071333,3.63214706721666,0.0566736586918608,0.987855430521544,1,1578,Lactobacillus paracasei,bacteria
1598,0,9.25784588441456,0,1,1,1,1578,Lactobacillus reuteri,bacteria
160386,3.22918442145841,9.30974978879824,5.89115532010277,0.0152171139346958,0.987855430521544,1,1716,Corynebacterium casei,bacteria
1604,-2.0454021255488,9.27469781617393,2.98016989471762,0.0842904241326568,0.987855430521544,1,1578,Lactobacillus amylovorus,bacteria
160791,0,9.26230607057658,0,1,1,1,13687,Sphingomonas wittichii,bacteria
1609966,0,9.24881777060748,0,1,1,1,1609958,Confluentimicrobium sp. EMB200-NS6,bacteria
1618633,0,9.24881777060748,0,1,1,1,-200,Candidatus Campbellbacteria bacterium GW2011_OD1_34_28,bacteria
161879,0.0743173228657894,9.33716794118967,0.00634759138814545,0.936498310074554,1,1,1716,Corynebacterium kroppenstedtii,bacteria
161895,0,9.25626224701216,0,1,1,1,1716,Corynebacterium phocae,bacteria
161896,0,9.26881251068626,0,1,1,1,1716,Corynebacterium camporealensis,bacteria
161899,0,9.2728725900815,0,1,1,1,1716,Corynebacterium singulare,bacteria
1624,0,9.27032890747452,0,1,1,1,1578,Lactobacillus salivarius,bacteria
1629723,0,9.25595087528903,0,1,1,1,129337,Geobacillus sp. 12AMOR1,bacteria
1630693,-1.28636727999204,9.26980383122166,1.53683416973533,0.215089648448257,1,1,113,Gemmata sp. SH-PL17,bacteria
1636152,-1.27622181730424,9.26915014059253,1.52970464389048,0.216156777836567,1,1,118,Planctomyces sp. SH-PL62,bacteria
1636603,2.05945204776331,9.30034612164891,2.97765799521007,0.0844213484930895,0.987855430521544,1,469,Acinetobacter sp. ACNIH1,bacteria
1639,1.55362783691195,9.26313861840403,2.04842689569347,0.152363549288586,0.987855430521544,1,1637,Listeria monocytogenes,bacteria
1639133,0,9.24881777060748,0,1,1,1,544,Citrobacter portucalensis,bacteria
1646498,0,9.25355186232827,0,1,1,1,469,Acinetobacter sp. TTH0-4,bacteria
1649877,0,9.25731683116482,0,1,1,1,286,Pseudomonas sp. CCOS 191,bacteria
1653478,0,9.25307399412489,0,1,1,1,1827,Rhodococcus sp. PBTS 1,bacteria
1653479,0,9.24881777060748,0,1,1,1,1827,Rhodococcus sp. PBTS 2,bacteria
1654781,0,9.24881777060748,0,1,1,1,1982251,Propionibacterium phage Moyashi,viruses
1655,1.55362783691195,9.292528007311,2.04842689569347,0.152363549288585,0.987855430521544,1,1654,Actinomyces naeslundii,bacteria
1656,0,9.27145688949997,0,1,1,1,1654,Actinomyces viscosus,bacteria
1658671,-2.0779506679251,9.27594631980305,3.02213009066379,0.0821355187387139,0.987855430521544,1,267408,Arsenicicoccus sp. oral taxon 190,bacteria
1660,1.20926218081693,9.34377638322809,0.866201777745857,0.352008967690383,1,1,2529408,Schaalia odontolytica,bacteria
166587,1.59723431526698,9.2642742700635,2.0985040383904,0.147443334042948,0.987855430521544,1,-200,uncultured Chloroflexi bacterium,bacteria
1667168,0,9.24881777060748,0,1,1,1,36739,Dermabacter jinjuensis,bacteria
1670677,0.297542934333631,14.2610583813788,0.0634848497238423,0.80107043554115,1,1,-200,Humaita-Tubiacanga virus,viruses
1675862,0,9.24881777060748,0,1,1,1,558017,Diatraea saccharalis granulovirus,viruses
1685,1.03498149826098,9.25743289653503,1.16094767050064,0.281269088601896,1,1,1678,Bifidobacterium breve,bacteria
1690815,0,9.25273010752282,0,1,1,1,1847,Pseudonocardia sp. HH130630-07,bacteria
169292,2.90756202744075,9.35183635027198,4.98744998572939,0.025531807242926,0.987855430521544,1,1716,Corynebacterium aurimucosum,bacteria
169430,0,9.25362886006273,0,1,1,1,1822464,Paraburkholderia hospita,bacteria
169765,0,9.24881777060748,0,1,1,1,1763,Mycobacterium lacus,bacteria
1699624,0,9.24881777060748,0,1,1,1,497,Psychrobacter sp. P11G5,bacteria
1702043,0,9.24881777060748,0,1,1,1,57493,Kocuria sp. BT304,bacteria
1702250,0.994319685561792,9.25645249772065,1.13384925730372,0.286955772220249,1,1,286,Pseudomonas sp. IB20,bacteria
1703,0,9.25895013187079,0,1,1,1,1696,Brevibacterium linens,bacteria
1704499,0,9.25273010752282,0,1,1,1,762296,Methylovulum psychrotolerans,bacteria
1705,0,9.26471811258466,0,1,1,1,1716,Corynebacterium stationis,bacteria
170573,-1.52358744151027,9.26001801459505,2.2887175313939,0.130317562624764,0.987855430521544,1,1279,Staphylococcus pettenkoferi,bacteria
170679,0,9.24881777060748,0,1,1,1,662,Vibrio chagasii,bacteria
1707785,0,9.24881777060748,0,1,1,1,149698,Massilia sp. WG5,bacteria
1710,0,9.25807326167248,0,1,1,1,157920,Cellulosimicrobium cellulans,bacteria
1714848,0,9.24881777060748,0,1,1,1,290174,Aquimarina sp. AD1,bacteria
1714849,0,9.24881777060748,0,1,1,1,290174,Aquimarina sp. AD10,bacteria
1714860,0,9.24881777060748,0,1,1,1,290174,Aquimarina sp. BL5,bacteria
1717,4.02805534900822,9.37740480748676,8.27354758899968,0.00402268287450237,0.675810722916397,1,1716,Corynebacterium diphtheriae,bacteria
1719,0,9.2688560553036,0,1,1,1,1716,Corynebacterium pseudotuberculosis,bacteria
171953,0,9.26807933461427,0,1,1,1,-200,uncultured Acidobacteria bacterium,bacteria
1720344,0,9.25492493668824,0,1,1,1,497,Psychrobacter sp. AntiMn-1,bacteria
172042,0.994319685561792,9.25645249772065,1.13384925730372,0.286955772220249,1,1,32207,Rothia aeria,bacteria
172045,5.393676000478,10.6483690398917,13.3611034353346,0.000256897111519314,0.249514302242333,1,308865,Elizabethkingia miricola,bacteria
1725,-2.0454021255488,9.31001203581413,2.98016989471762,0.0842904241326567,0.987855430521544,1,1716,Corynebacterium xerosis,bacteria
1727,0,9.26115390869434,0,1,1,1,1716,Corynebacterium variabile,bacteria
1735038,0,9.24881777060748,0,1,1,1,1911577,Oryzomicrobium terrae,bacteria
1737359,0,9.24881777060748,0,1,1,1,2053,Gordonia sp. 1D,bacteria
1744,0,9.26956713589235,0,1,1,1,1743,Propionibacterium freudenreichii,bacteria
1747,1.23060443560057,13.3595419723038,1.05314370041548,0.30478417380662,1,1,1912216,Cutibacterium acnes,bacteria
174707,0,9.24881777060748,0,1,1,1,1883,uncultured Streptomyces sp.,bacteria
1748,0,9.24881777060748,0,1,1,1,1912215,Acidipropionibacterium acidipropionici,bacteria
1756149,0,9.24881777060748,0,1,1,1,308865,Elizabethkingia bruuniana,bacteria
1758189,0,9.26749070096168,0,1,1,1,469,Acinetobacter sp. ACNIH2,bacteria
1758689,0,9.25205238955361,0,1,1,1,265976,Serinicoccus sp. JLT9,bacteria
1759399,0,9.24881777060748,0,1,1,1,1301,Streptococcus sp. A12,bacteria
1763828,0,9.24881777060748,0,1,1,1,1763827,Hankyongella ginsenosidimutans,bacteria
1764,1.03498149826098,9.29397126725729,1.16094767050064,0.281269088601896,1,1,1763,Mycobacterium avium,bacteria
1768242,0,9.25318191529737,0,1,1,1,318147,Paucibacter sp. KCTC 42545,bacteria
1773,0,9.25884570210325,0,1,1,1,1763,Mycobacterium tuberculosis,bacteria
178399,0,9.24881777060748,0,1,1,1,28253,Marinomonas primoryensis,bacteria
1784948,0,9.24881777060748,0,1,1,1,-200010662,Enterobacteria phage ECGD1,viruses
1793721,0,9.25300619975828,0,1,1,1,40323,Stenotrophomonas sp. KCTC 12332,bacteria
1794,0,9.24881777060748,0,1,1,1,1866885,Mycolicibacterium gadium,bacteria
1795630,0,9.26428691826918,0,1,1,1,447237,Frondihabitans sp. PAMC 28766,bacteria
1796606,1.65889161428728,9.26600292129747,2.16912248532633,0.140806561495654,0.987855430521544,1,106589,Cupriavidus nantongensis,bacteria
1796613,0,9.24881777060748,0,1,1,1,816,Bacteroides caecimuris,bacteria
180282,1.14638742091398,10.1133009642956,0.855377556588962,0.355035490885331,1,1,80865,Delftia tsuruhatensis,bacteria
1804,0,9.25524059131662,0,1,1,1,1866885,Mycolicibacterium gilvum,bacteria
1809410,0,9.25914111833274,0,1,1,1,303379,Herminiimonas arsenitoxidans,bacteria
1811301,0,9.24881777060748,0,1,1,1,33882,Microbacterium sp. ALBL_076,bacteria
1812935,1.27017668983668,10.123861635379,0.965637620049634,0.325770558907494,1,1,547,Enterobacter roggenkampii,bacteria
1816604,0,9.24881777060748,0,1,1,1,-200075787,Rhodocyclaceae bacterium ICHIJ1,bacteria
1816615,0,9.24881777060748,0,1,1,1,-200075787,Rhodocyclaceae bacterium ICHIAU1,bacteria
1823,0,9.25385278881641,0,1,1,1,1817,Nocardia otitidiscaviarum,bacteria
1827300,0,9.26518969905981,0,1,1,1,286,Pseudomonas sp. MYb193,bacteria
1827469,3.35200221366477,9.36352412391547,6.25172095410019,0.0124072705111708,0.987855430521544,1,41275,Brevundimonas sp. GW460-12-10-14-LB2,bacteria
1828,1.65889161428728,9.30557242400624,2.16912248532633,0.140806561495653,0.987855430521544,1,1827,Rhodococcus fascians,bacteria
1830,0,9.25273010752282,0,1,1,1,1827,Rhodococcus ruber,bacteria
1833,0,9.27341440506635,0,1,1,1,1827,Rhodococcus erythropolis,bacteria
1836,-1.05108243998701,9.28222261714433,0.584272079099463,0.444642657368077,1,1,1835,Saccharopolyspora erythraea,bacteria
1842539,0,9.27706551009646,0,1,1,1,85413,Bosea sp. RAC05,bacteria
1844051,0,9.25886967231506,0,1,1,1,234,Brucella sp. 09RB8910,bacteria
1849967,0,9.24881777060748,0,1,1,1,1883,Streptomyces sp. SAT1,bacteria
1850093,0,9.24881777060748,0,1,1,1,89966,Hymenobacter nivis,bacteria
1850374,0,9.24881777060748,0,1,1,1,99,Ancylobacter sp. TS-1,bacteria
1855336,0,9.24881777060748,0,1,1,1,52959,Polaribacter sp. KT25b,bacteria
185951,0,9.24881777060748,0,1,1,1,13687,Sphingomonas aerolata,bacteria
1867263,0,9.24881777060748,0,1,1,1,308865,Elizabethkingia occulta,bacteria
1869170,0,9.24881777060748,0,1,1,1,379,Rhizobium sp. S41,bacteria
1870984,1.59723431526698,9.27207846487043,2.0985040383904,0.147443334042948,0.987855430521544,1,165779,Anaerococcus mediterraneensis,bacteria
1871086,0,9.24881777060748,0,1,1,1,41275,Brevundimonas sp.,bacteria
1879049,2.29007545028543,9.28103918596794,3.53555327103215,0.060066291252419,0.987855430521544,1,469,Acinetobacter sp. WCHAc010034,bacteria
1879050,0.245998678593378,9.28187525227303,0.0592435597298291,0.80769554423772,1,1,469,Acinetobacter wuhouensis,bacteria
1885025,0,9.24881777060748,0,1,1,1,261933,Pleomorphomonas sp. SM30,bacteria
1886,0,9.24881777060748,0,1,1,1,1883,Streptomyces albidoflavus,bacteria
1889,-1.9679554781565,9.29037259709792,2.87944465695664,0.0897169583530776,0.987855430521544,1,1883,Streptomyces ambofaciens,bacteria
1896175,0,9.25417026199336,0,1,1,1,52959,Polaribacter sp. KT 15,bacteria
1896196,0,9.2529549460389,0,1,1,1,1111,Porphyrobacter sp. LM 6,bacteria
189668,0,9.24881777060748,0,1,1,1,1279,uncultured Staphylococcus sp.,bacteria
1898203,1.51368004380889,9.27622243833959,2.00248871110388,0.157041177242993,0.987855430521544,1,-200186803,Lachnospiraceae bacterium,bacteria
1898440,0,9.24881777060748,0,1,1,1,55968,Leucobacter sp.,bacteria
1898684,0,9.26700369176572,0,1,1,1,286,Pseudomonas sp. LPH1,bacteria
1902,1.59723431526698,9.26903507691038,2.0985040383904,0.147443334042948,0.987855430521544,1,1883,Streptomyces coelicolor,bacteria
1903186,0,9.2535107879414,0,1,1,1,43668,Brachybacterium sp. P6-10-X1,bacteria
1903704,0,9.2782233799718,0,1,1,1,432330,Tumebacillus avium,bacteria
1904944,0,9.24881777060748,0,1,1,1,40323,Stenotrophomonas sp. LM091,bacteria
190721,2.33344416080545,9.27893794430193,3.60720498443557,0.0575297306731327,0.987855430521544,1,48736,Ralstonia insidiosa,bacteria
1907397,0,9.24881777060748,0,1,1,1,59732,Chryseobacterium sp. RU37D,bacteria
1912856,0.973489413301839,9.25599495500269,1.11969623003059,0.289983872869384,1,1,162289,Peptoniphilus sp. ING2-D1G,bacteria
1914525,0,9.24881777060748,0,1,1,1,165697,Sphingopyxis sp. FD7,bacteria
1914541,0,9.24881777060748,0,1,1,1,379,Rhizobium sp. Y9,bacteria
191493,0,9.24881777060748,0,1,1,1,1716,Corynebacterium sphenisci,bacteria
191495,0,9.26298609950645,0,1,1,1,191494,Conexibacter woesei,bacteria
1915310,0.994319685561792,9.2748583006816,1.13384925730372,0.286955772220249,1,1,547,Enterobacter cloacae complex sp. ECNIH7,bacteria
1916,0,9.25566451351883,0,1,1,1,1883,Streptomyces lividans,bacteria
191863,0,9.25556023761071,0,1,1,1,295577,Chthoniobacter flavus,bacteria
192,1.58883686261121,9.26405009398851,2.08886758348668,0.148376018234738,0.987855430521544,1,191,Azospirillum brasilense,bacteria
1920109,0,9.24881777060748,0,1,1,1,-200000543,Enterobacteriaceae bacterium ENNIH2,bacteria
1920128,0,9.24881777060748,0,1,1,1,-200000543,Enterobacteriaceae bacterium ENNIH3,bacteria
1920191,-0.689365875338432,9.35492155065488,0.268758327340802,0.604165915444335,1,1,80865,Delftia sp. HK171,bacteria
1922217,0,9.26620593746189,0,1,1,1,551,Candidatus Erwinia haradaeae,bacteria
1922246,0,9.25623308522938,0,1,1,1,1922243,Staphylococcus virus Sextaec,viruses
1922926,0,9.25612522050699,0,1,1,1,-200,Hubei mosquito virus 2,viruses
192843,0,9.25826971791976,0,1,1,1,28065,Rhodoferax ferrireducens,bacteria
1931,0,9.24881777060748,0,1,1,1,1883,Streptomyces sp.,bacteria
1933220,0,9.26969187954286,0,1,1,1,28453,Sphingobacterium sp. B29,bacteria
1935379,0,9.24881777060748,0,1,1,1,55968,Leucobacter sp. DSM 101948,bacteria
1936029,0,9.26298609950645,0,1,1,1,1763,Mycobacterium sp. MS1601,bacteria
1938605,0,9.25497460183386,0,1,1,1,41275,Brevundimonas sp. LM2,bacteria
1940610,0,9.24881777060748,0,1,1,1,1632780,Phreatobacter stygius,bacteria
1945662,0.942836521482315,9.28351615958494,1.09854415405101,0.294585823743913,1,1,265,Paracoccus contaminans,bacteria
195105,1.49037358924799,9.29395966063924,1.97567014663956,0.159847291903996,0.987855430521544,1,366614,Haematobacter massiliensis,bacteria
1961362,0,9.26597630219196,0,1,1,1,13687,Sphingomonas sp. NIC1,bacteria
196914,0.942836521482315,9.25537112300017,1.098544154051,0.294585823743913,1,1,1865,Actinoplanes friuliensis,bacteria
1969806,0,9.24881777060748,0,1,1,1,2603324,Acidibrevibacterium fodinaquatile,bacteria
197162,1.03498149826098,9.25743289653503,1.16094767050064,0.281269088601896,1,1,53572,Deferribacter desulfuricans,bacteria
1977402,0,9.24881777060748,0,1,1,1,10861,Escherichia virus M13,viruses
1980001,0,9.24881777060748,0,1,1,1,157920,Cellulosimicrobium sp. TH-20,bacteria
1980610,-0.412450332699972,19.018009836801,0.122172679327633,0.726689886617948,1,1,1980421,Phasi Charoen-like phasivirus,viruses
1982258,0,9.24881777060748,0,1,1,1,1982251,Propionibacterium virus MrAK,viruses
1982260,0,9.24881777060748,0,1,1,1,1982251,Propionibacterium virus P91,viruses
1982268,1.59723431526698,9.2642742700635,2.0985040383904,0.147443334042948,0.987855430521544,1,1982251,Propionibacterium virus P104A,viruses
198431,0.999249815186872,9.27735665270054,1.13717241931741,0.286250603325166,1,1,-200,uncultured prokaryote,N/A
1985254,0,9.25496230325128,0,1,1,1,338,Xanthomonas phaseoli,bacteria
198620,0,9.28830272240078,0,1,1,1,286,Pseudomonas koreensis,bacteria
199591,0,9.27973761040235,0,1,1,1,1696,Brevibacterium luteolum,bacteria
199592,1.52104336872596,9.28593629836861,2.01095947971904,0.156166525146924,0.987855430521544,1,33882,Microbacterium paraoxydans,bacteria
2003121,0,9.24881777060748,0,1,1,1,28453,Sphingobacterium sp. G1-14,bacteria
2003551,-0.952649662584051,9.25405621051064,1.27771322633266,0.258324655501218,1,1,1707,Cellulomonas sp. PSBB021,bacteria
200450,0,9.25867228977823,0,1,1,1,286,Pseudomonas trivialis,bacteria
2004644,0,9.24881777060748,0,1,1,1,469,Acinetobacter sp. WCHA45,bacteria
2004646,1.65889161428728,9.26935827787799,2.16912248532633,0.140806561495653,0.987855430521544,1,469,Acinetobacter sp. WCHA55,bacteria
200991,-2.02642639668577,9.27398919155401,2.95560034683415,0.0855805174433013,0.987855430521544,1,1372,Planococcus rifietoensis,bacteria
2010277,0,9.27587889023136,0,1,1,1,-200,Culex rhabdo-like virus,viruses
2014887,0.973489413301839,9.25599495500269,1.11969623003059,0.289983872869384,1,1,963,Herbaspirillum robiniae,bacteria
2015076,0.94955539337565,9.2636476779535,1.10321323548016,0.293562013357215,1,1,59732,Chryseobacterium sp. T16E-39,bacteria
2017484,0,9.26109659342393,0,1,1,1,43668,Brachybacterium sp. VM2412,bacteria
2018067,0,9.25411632702715,0,1,1,1,286,Pseudomonas sp. FDAARGOS_380,bacteria
2020,0,9.29409804270598,0,1,1,1,2019,Thermomonospora curvata,bacteria
2023229,0,9.25905455547919,0,1,1,1,1111,Porphyrobacter sp. HT-58-2,bacteria
2025658,1.55362783691195,9.26702146833115,2.04842689569347,0.152363549288585,0.987855430521544,1,286,Pseudomonas sp. NS1(2017),bacteria
2025808,0,9.24881777060748,0,1,1,1,662,Vibrio qinghaiensis,bacteria
2027919,0,9.24881777060748,0,1,1,1,547,Enterobacter cloacae complex sp.,bacteria
202954,0,9.24881777060748,0,1,1,1,469,Acinetobacter tandoii,bacteria
2035,0,9.24881777060748,0,1,1,1,2034,Curtobacterium flaccumfaciens,bacteria
204039,0,9.25690987710601,0,1,1,1,204037,Dickeya dianthicola,bacteria
2040586,0,9.24881777060748,0,1,1,1,40323,Stenotrophomonas sp. Pemsol,bacteria
2042251,0,9.24881777060748,0,1,1,1,-200010662,Xanthomonas phage XacN1,viruses
2045,0.291549282866658,9.27518432963791,0.0730350107520579,0.78696800241723,1,1,2044,Pimelobacter simplex,bacteria
2045202,0,9.24881777060748,0,1,1,1,-200000543,Enterobacteriaceae bacterium A-F18,bacteria
2045452,0,9.27162924399661,0,1,1,1,1839,Nocardioides sp. 78,bacteria
2047,1.92908528963387,9.29525044139638,2.78309063187737,0.0952641720535525,0.987855430521544,1,32207,Rothia dentocariosa,bacteria
2048898,0,9.24881777060748,0,1,1,1,33882,Microbacterium sp. Y-01,bacteria
2049881,0,9.24881777060748,0,1,1,1,1883,Streptomyces dengpaensis,bacteria
2051553,0,9.24881777060748,0,1,1,1,407,Methylobacterium currus,bacteria
2052657,0,9.24881777060748,0,1,1,1,37914,Dietzia sp. JS16-p6b,bacteria
2055,2.79492204978328,9.33535564518818,4.74431275527647,0.0293952925723305,0.987855430521544,1,2053,Gordonia terrae,bacteria
2057741,1.55362783691195,9.27203106946794,2.04842689569347,0.152363549288585,0.987855430521544,1,374,Bradyrhizobium sp. SK17,bacteria
2058657,1.55362783691195,9.26313861840403,2.04842689569347,0.152363549288586,0.987855430521544,1,370735,Zhihengliuella sp. ISTPL4,bacteria
2059302,0,9.24881777060748,0,1,1,1,1433993,Chryseolinea flava,bacteria
2059675,-0.53242233145901,15.1911201926024,0.203000252657716,0.652309949938072,1,1,1884455,Aedes aegypti anphevirus,viruses
2060312,1.58883686261121,9.26725014856495,2.08886758348669,0.148376018234737,0.987855430521544,1,361177,Altererythrobacter sp. B11,bacteria
2065379,0.94955539337565,9.25550307464491,1.10321323548016,0.293562013357215,1,1,265,Paracoccus jeotgali,bacteria
2067572,0.916920244991618,9.29680803084833,1.08036497672711,0.298615922568062,1,1,286,Pseudomonas sp. NC02,bacteria
2067957,0,9.24881777060748,0,1,1,1,407,Methylobacterium sp. DM1,bacteria
2067960,0,9.25793536528841,0,1,1,1,12960,Azoarcus sp. SY39,bacteria
2070463,0,9.24881777060748,0,1,1,1,400634,Lysinibacillus sp. SGAir0095,bacteria
2071710,0,9.24881777060748,0,1,1,1,547,Enterobacter sichuanensis,bacteria
2072405,0,9.24881777060748,0,1,1,1,40323,Stenotrophomonas sp. ZAC14D2_NAIMI4_7,bacteria
2072503,2.26899221171361,9.28645626355975,3.49698115185646,0.0614808047599328,0.987855430521544,1,65496,Actinoalloteichus sp. AHMU CJ021,bacteria
2073078,0,9.24881777060748,0,1,1,1,286,Pseudomonas sp. DTU12.3,bacteria
207340,2.85647928318456,9.30551662504615,4.87860983152684,0.0271915104357983,0.987855430521544,1,125216,Roseomonas mucosa,bacteria
207745,0.973489413301839,9.27409990725186,1.11969623003059,0.289983872869384,1,1,34072,Variovorax sp. WDL1,bacteria
2079536,0,9.24881777060748,0,1,1,1,1654,Actinomyces sp. Z16,bacteria
2080740,0,9.24881777060748,0,1,1,1,1716,Corynebacterium sp. 2183,bacteria
2080757,0,9.24881777060748,0,1,1,1,1716,Corynebacterium pseudopelargi,bacteria
2082188,0,9.25826971791976,0,1,1,1,165695,Sphingobium sp. YG1,bacteria
208224,0,9.28659856873554,0,1,1,1,547,Enterobacter kobei,bacteria
2082386,0,9.24881777060748,0,1,1,1,316612,Methylibium sp. Pch-M,bacteria
2083054,0,9.24881777060748,0,1,1,1,286,Pseudomonas sp. LG1D9,bacteria
2083055,0,9.24881777060748,0,1,1,1,286,Pseudomonas sp. LH1G9,bacteria
2083284,0,9.24881777060748,0,1,1,1,1883,Streptomyces sp. CB09001,bacteria
208546,0,9.24881777060748,0,1,1,1,-200001300,uncultured Streptococcaceae bacterium,bacteria
208962,0,9.26700369176572,0,1,1,1,561,Escherichia albertii,bacteria
2100421,1.99165691769114,9.30112925356471,2.87676577754007,0.0898663537984927,0.987855430521544,1,-200,uncultured Caudovirales phage,viruses
2103230,0,9.24881777060748,0,1,1,1,33882,Microbacterium sp. str. 'China',bacteria
2107709,0,9.24881777060748,0,1,1,1,2060084,Pandoravirus quercus,viruses
210934,0,9.24881777060748,0,1,1,1,445,uncultured Legionella sp.,bacteria
2109692,0,9.24881777060748,0,1,1,1,-200128827,Erysipelotrichaceae bacterium GAM147,bacteria
2109913,0,9.24881777060748,0,1,1,1,1649468,Melaminivora sp. SC2-9,bacteria
2109914,0,9.24881777060748,0,1,1,1,219181,Ottowia oryzae,bacteria
2116657,0,9.24881777060748,0,1,1,1,2678886,Pulveribacter suum,bacteria
2126319,0,9.24881777060748,0,1,1,1,34072,Variovorax sp. PMC12,bacteria
212695,0,9.24881777060748,0,1,1,1,-200,uncultured Flavobacteriia bacterium,bacteria
212765,0,9.24881777060748,0,1,1,1,1866885,Mycolicibacterium madagascariense,bacteria
212767,0,9.25343975124622,0,1,1,1,1763,Mycobacterium sp. JS623,bacteria
216778,0.293178342696009,9.35919338615443,0.0649652744368154,0.798813571688114,1,1,40323,Stenotrophomonas rhizophila,bacteria
2169583,0,9.24881777060748,0,1,1,1,286,Pseudomonas sp. SXM-1,bacteria
2170413,0,9.24881777060748,0,1,1,1,-200010699,Siphoviridae sp.,viruses
2173169,0,9.24881777060748,0,1,1,1,326319,Dokdonia sp. Dokd-P16,bacteria
2175658,0,9.24881777060748,0,1,1,1,2034,Curtobacterium sp. MCBD17_029,bacteria
218034,0,9.24881777060748,0,1,1,1,-200000543,uncultured Enterobacteriaceae bacterium,bacteria
2202148,0,9.24881777060748,0,1,1,1,191,Azospirillum sp. CFH 70021,bacteria
2202419,0,9.24881777060748,0,1,1,1,265,Paracoccus sediminilitoris,bacteria
2202826,0,9.24881777060748,0,1,1,1,407,Methylobacterium sp. 17Sr1-1,bacteria
2202828,0,9.24881777060748,0,1,1,1,407,Methylobacterium sp. 17Sr1-43,bacteria
220927,0,9.24881777060748,0,1,1,1,1763,Mycobacterium saskatchewanense,bacteria
2211160,0,9.24881777060748,0,1,1,1,40323,Stenotrophomonas sp. pho,bacteria
2211211,0,9.24881777060748,0,1,1,1,1822464,Paraburkholderia dokdonella,bacteria
2213226,0,9.24881777060748,0,1,1,1,286,Pseudomonas sp. QZS01,bacteria
2219696,0,9.24881777060748,0,1,1,1,13687,Sphingomonas sp. FARSPH,bacteria
222805,0,9.24881777060748,0,1,1,1,1763,Mycobacterium chimaera,bacteria
2230910,-0.280524394255307,17.0212862375028,0.0566138414321813,0.811930242086709,1,1,1884455,Aedes anphevirus,viruses
223188,0,9.24881777060748,0,1,1,1,28065,uncultured Rhodoferax sp.,bacteria
223967,0.893584378093202,10.7278964606754,0.546385324972391,0.459798421339671,1,1,2282523,Methylorubrum populi,bacteria
2246,0,9.24881777060748,0,1,1,1,2251,Haloferax volcanii,archaea
225324,0,9.26187315462348,0,1,1,1,212791,Enhydrobacter aerosaccus,bacteria
225326,0,9.25222650127673,0,1,1,1,1716,Corynebacterium halotolerans,bacteria
2294119,0,9.24881777060748,0,1,1,1,237,Flavobacterium sp. CJ74,bacteria
2305221,0,9.24881777060748,0,1,1,1,1883,Streptomyces sp. KPB2,bacteria
2305484,0,9.24881777060748,0,1,1,1,186532,Lactococcus phage vB_Llc_bIBBA3,viruses
2319844,0,9.24881777060748,0,1,1,1,13687,Sphingomonas sp. YZ-8,bacteria
2320270,0,9.24881777060748,0,1,1,1,286,Pseudomonas sp. DG56-2,bacteria
232721,-1.9679554781565,9.28277884696815,2.87944465695663,0.0897169583530786,0.987855430521544,1,12916,Acidovorax sp. JS42,bacteria
235898,0,9.24881777060748,0,1,1,1,265,Paracoccus sp. Ol18,bacteria
2365031,0,9.24881777060748,0,1,1,1,1623303,Streptococcus phage CHPC1230,viruses
236753,0,9.24881777060748,0,1,1,1,236752,Fastidiosipila sanguinis,bacteria
237258,1.73602184612105,9.46501913436688,1.71705516430695,0.190072551691758,1,1,501783,Cloacibacterium normanense,bacteria
237777,0,9.24881777060748,0,1,1,1,561,uncultured Escherichia sp.,bacteria
238,1.33930288634385,15.8391125077955,1.24725830451282,0.264076773019783,1,1,308865,Elizabethkingia meningoseptica,bacteria
238202,0,9.24881777060748,0,1,1,1,547,uncultured Enterobacter sp.,bacteria
238834,0.973489413301839,9.25599495500269,1.11969623003059,0.289983872869384,1,1,1485,Clostridium estertheticum,bacteria
239175,0,9.24881777060748,0,1,1,1,613,uncultured Serratia sp.,bacteria
239364,0,9.24881777060748,0,1,1,1,-200,uncultured human fecal virus,viruses
239730,0,9.24881777060748,0,1,1,1,-200,uncultured Actinomycetales bacterium,bacteria
24,-2.0454021255488,9.27469781617393,2.98016989471762,0.0842904241326568,0.987855430521544,1,22,Shewanella putrefaciens,bacteria
2419771,0,9.24881777060748,0,1,1,1,1195526,Gryllotalpicola sp. 2DFW10M-5,bacteria
2419774,0,9.24881777060748,0,1,1,1,2680004,Protaetiibacter intestinalis,bacteria
242606,-2.02256776524143,9.27392058609848,2.94935009307614,0.0859121010829941,0.987855430521544,1,242605,Luteibacter rhizovicinus,bacteria
244328,0,9.24881777060748,0,1,1,1,-200,uncultured Clostridia bacterium,bacteria
244366,1.08722486452419,9.41107884153416,0.674889853640394,0.411351958388894,1,1,570,Klebsiella variicola,bacteria
244566,0,9.24881777060748,0,1,1,1,286,Pseudomonas lurida,bacteria
246432,1.52104336872596,9.2830229551318,2.01095947971905,0.156166525146923,0.987855430521544,1,1279,Staphylococcus equorum,bacteria
247,0,9.25273010752282,0,1,1,1,59734,Empedobacter brevis,bacteria
247333,0,9.27706551009646,0,1,1,1,265976,Serinicoccus marinus,bacteria
2479392,0,9.24881777060748,0,1,1,1,286,Pseudomonas sp. LTJR-52,bacteria
2479393,0,9.24881777060748,0,1,1,1,286,Pseudomonas sp. LTGT-11-2Z,bacteria
2480625,0,9.24881777060748,0,1,1,1,190323,Plantibacter sp. PA-3-X8,bacteria
248315,0,9.24881777060748,0,1,1,1,29465,Veillonella rodentium,bacteria
2485112,0,9.24881777060748,0,1,1,1,13687,Sphingomonas sp. JUb134,bacteria
2487064,0,9.24881777060748,0,1,1,1,59732,Chryseobacterium sp. G0186,bacteria
2487071,0,9.24881777060748,0,1,1,1,59732,Chryseobacterium sp. F5649,bacteria
2487072,0,9.24881777060748,0,1,1,1,59732,Chryseobacterium sp. H6466,bacteria
2487892,0,9.24881777060748,0,1,1,1,1716,Corynebacterium sp. LMM-1652,bacteria
2488819,0,9.24881777060748,0,1,1,1,1716,Corynebacterium endometrii,bacteria
249061,0,9.24881777060748,0,1,1,1,1654,uncultured Actinomyces sp.,bacteria
2490853,0,9.24881777060748,0,1,1,1,1827,Rhodococcus sp. NJ-530,bacteria
249188,0.999249815186872,9.25656503587025,1.13717241931741,0.286250603325166,1,1,724,Haemophilus pittmaniae,bacteria
2493669,0,9.24881777060748,0,1,1,1,68287,Mesorhizobium sp. M1D.F.Ca.ET.043.01.1.1,bacteria
2493681,0,9.24881777060748,0,1,1,1,68287,Mesorhizobium sp. M7A.F.Ce.TU.012.03.2.1,bacteria
2496266,0,9.24881777060748,0,1,1,1,32014,Iodobacter sp. H11R3,bacteria
2497879,0,9.24881777060748,0,1,1,1,28228,Colwellia sp. Arc7-635,bacteria
250,0,9.26913575875285,0,1,1,1,59732,Chryseobacterium gleum,bacteria
2500132,0,9.24881777060748,0,1,1,1,547,Enterobacter sp. N18-03635,bacteria
2500532,0,9.24881777060748,0,1,1,1,265,Paracoccus sp. Arc7-R13,bacteria
2500546,0,9.24881777060748,0,1,1,1,1839,Nocardioides sp. HY056,bacteria
2507131,0,9.24881777060748,0,1,1,1,-200,Renna virus,viruses
2508168,0,9.24881777060748,0,1,1,1,83614,Luteimonas sp. YGD11-2,bacteria
2508882,0,9.24881777060748,0,1,1,1,125287,Ornithinimicrobium sp. HY006,bacteria
2509614,0,9.24881777060748,0,1,1,1,28065,Rhodoferax sp. CHu59-6-5,bacteria
2517899,0,9.24881777060748,0,1,1,1,497,Psychrobacter sp. KH172YL61,bacteria
2518371,0,9.24881777060748,0,1,1,1,1839,Nocardioides seonyuensis,bacteria
2518644,0,9.24881777060748,0,1,1,1,286,Pseudomonas sp. SNU WT1,bacteria
2527979,0,9.24881777060748,0,1,1,1,-200,Planctomycetes bacterium Enr13,bacteria
2527989,0,9.24881777060748,0,1,1,1,2714737,Alienimonas californiensis,bacteria
2528024,0,9.24881777060748,0,1,1,1,-202691359,Planctomycetes bacterium I41,bacteria
253,1.53733618330807,9.30540944622214,2.02958722127998,0.154262499930385,0.987855430521544,1,59732,Chryseobacterium indologenes,bacteria
253237,0,9.24881777060748,0,1,1,1,286,Pseudomonas sp. phDV1,bacteria
253245,0,9.25718395897156,0,1,1,1,267986,Owenweeksia hongkongensis,bacteria
2545799,0,9.24881777060748,0,1,1,1,1016,Capnocytophaga sp. FDAARGOS_737,bacteria
2547600,0,9.24881777060748,0,1,1,1,59732,Chryseobacterium sp. NBC 122,bacteria
2559074,0,9.24881777060748,0,1,1,1,286,Pseudomonas sp. S150,bacteria
2560053,0,9.24881777060748,0,1,1,1,265,Paracoccus sp. 2251,bacteria
2562582,0,9.24881777060748,0,1,1,1,41275,Brevundimonas sp. 'scallop',bacteria
2563602,0,9.24881777060748,0,1,1,1,1883,Streptomyces sp. SS52,bacteria
2564099,0,9.24881777060748,0,1,1,1,1263,Ruminococcus sp. JE7A12,bacteria
2565554,0,9.24881777060748,0,1,1,1,165695,Sphingobium sp. PAMC28499,bacteria
2565557,0,9.24881777060748,0,1,1,1,497,Psychrobacter sp. PAMC27889,bacteria
2565558,0,9.24881777060748,0,1,1,1,47420,Hydrogenophaga sp. PAMC20947,bacteria
2567881,0,9.24881777060748,0,1,1,1,169133,Citricoccus sp. SGAir0253,bacteria
2568002,0,9.24881777060748,0,1,1,1,2060084,Pandoravirus celtis,viruses
2571029,0,9.24881777060748,0,1,1,1,43668,Brachybacterium sp. SGAir0954,bacteria
2571749,0,9.24881777060748,0,1,1,1,165696,Novosphingobium sp. ABRDHK2,bacteria
2572921,0,9.24881777060748,0,1,1,1,1911573,Haloprofundus sp. MHR1,archaea
2575699,0,9.24881777060748,0,1,1,1,308865,Elizabethkingia sp. 2-6,bacteria
2575923,0,9.24881777060748,0,1,1,1,1696,Brevibacterium sp. CS2,bacteria
2576307,0,9.24881777060748,0,1,1,1,44258,Caloramator sp. E03,bacteria
2576376,0,9.24881777060748,0,1,1,1,1301,Streptococcus sp. 1643,bacteria
257758,0,9.25699729819048,0,1,1,1,1301,Streptococcus pseudopneumoniae,bacteria
2578113,0,9.24881777060748,0,1,1,1,374,Bradyrhizobium sp. KBS0725,bacteria
2578114,0,9.24881777060748,0,1,1,1,374,Bradyrhizobium sp. KBS0727,bacteria
2579977,0,9.24881777060748,0,1,1,1,41275,Brevundimonas sp. SGAir0440,bacteria
2582905,0,9.24881777060748,0,1,1,1,1839,Nocardioides sp. S-1144,bacteria
2583851,0,9.24881777060748,0,1,1,1,308865,Elizabethkingia sp. JS20170427COW,bacteria
2587161,0,9.24881777060748,0,1,1,1,1485,Clostridium sp. SYSU GA15002T,bacteria
2588128,0,9.24881777060748,0,1,1,1,2169658,Gordonia phage Barb,viruses
2589076,0,9.24881777060748,0,1,1,1,265,Paracoccus sp. AK26,bacteria
2589797,0,9.24881777060748,0,1,1,1,154116,Georgenia sp. Z443,bacteria
2591108,0,9.24881777060748,0,1,1,1,1988,Actinomadura sp. WMMA1423,bacteria
2591463,0,9.24881777060748,0,1,1,1,41275,Brevundimonas sp. M20,bacteria
2592655,0,9.24881777060748,0,1,1,1,434,Acetobacter sp. KACC 21233,bacteria
2594003,0,9.24881777060748,0,1,1,1,1231242,Ferrovibrio terrae,bacteria
2594269,0,9.24881777060748,0,1,1,1,59732,Chryseobacterium sp. SNU WT5,bacteria
2594453,0,9.24881777060748,0,1,1,1,1883,Streptomyces sp. RLB1-8,bacteria
2594456,0,9.24881777060748,0,1,1,1,1883,Streptomyces sp. RLB3-5,bacteria
2594913,0,9.24881777060748,0,1,1,1,1716,Corynebacterium sanguinis,bacteria
2598453,0,9.24881777060748,0,1,1,1,1301,Streptococcus sp. 116-D4,bacteria
2598579,0,9.24881777060748,0,1,1,1,-201914233,Gemmataceae bacterium PX52,bacteria
2599297,0,9.24881777060748,0,1,1,1,13687,Sphingomonas sp. XS-10,bacteria
2599399,0,9.24881777060748,0,1,1,1,1075398,Salarchaeum sp. JOR-1,archaea
259957,0,9.24881777060748,0,1,1,1,54298,uncultured Chroococcidiopsis sp.,bacteria
2603206,0,9.24881777060748,0,1,1,1,626119,Ruania sp. HY168,bacteria
2603244,0,9.24881777060748,0,1,1,1,586,Providencia sp. 1701011,bacteria
2603246,0,9.24881777060748,0,1,1,1,586,Providencia sp. 1709051003,bacteria
2603276,0,9.24881777060748,0,1,1,1,407,Methylobacterium sp. WL1,bacteria
2603435,2.91955255629398,12.9054363954226,5.26615875731915,0.0217439425941794,0.987855430521544,1,-200011006,Aedes aegypti totivirus,viruses
2603598,0,9.24881777060748,0,1,1,1,33882,Microbacterium sp. CBA3102,bacteria
260364,0,9.24881777060748,0,1,1,1,22,Shewanella marisflavi,bacteria
2603891,0,9.24881777060748,0,1,1,1,407,Methylobacterium sp. WL103,bacteria
2603893,0,9.24881777060748,0,1,1,1,407,Methylobacterium sp. WL69,bacteria
2607735,-0.311864603054401,17.0873951329217,0.06992964457163,0.791439245009042,1,1,-200,Guadeloupe mosquito virus,viruses
2609254,0,9.24881777060748,0,1,1,1,33886,Rathayibacter sp. VKM Ac-2762,bacteria
2610896,0,9.24881777060748,0,1,1,1,1301,Streptococcus sp. LPB0220,bacteria
261164,2.40394729057579,9.28129521826275,3.7361806981578,0.0532460227091016,0.987855430521544,1,497,Psychrobacter alimentarius,bacteria
2614638,0,9.24881777060748,0,1,1,1,33882,Microbacterium sp. ST-M6,bacteria
2614639,0,9.24881777060748,0,1,1,1,33882,Microbacterium sp. L-031,bacteria
2615203,0,9.24881777060748,0,1,1,1,89966,Hymenobacter sp. BRD72,bacteria
261934,-1.30354653614876,9.26242458327756,1.54878716440508,0.213314577588962,1,1,261933,Pleomorphomonas oryzae,bacteria
262209,0,9.25804618301747,0,1,1,1,53457,Janibacter melonis,bacteria
2653853,0,9.24881777060748,0,1,1,1,286,Pseudomonas sp. SCB32,bacteria
2654238,0,9.24881777060748,0,1,1,1,286,Pseudomonas sp. DTU12.1,bacteria
2656761,0,9.24881777060748,0,1,1,1,1778601,Apibacter sp. B2966,bacteria
2656914,0,9.24881777060748,0,1,1,1,83681,Nonomuraea sp. WYY166,bacteria
266,0,9.2622725273704,0,1,1,1,265,Paracoccus denitrificans,bacteria
2662028,0,9.24881777060748,0,1,1,1,2040,Aeromicrobium sp. MF47,bacteria
2662262,0,9.24881777060748,0,1,1,1,662,Vibrio sp. SM1977,bacteria
2662298,0,9.24881777060748,0,1,1,1,1623305,Lactococcus phage P656,viruses
2663009,0,9.24881777060748,0,1,1,1,848,Fusobacterium pseudoperiodonticum,bacteria
2664374,0,9.24881777060748,0,1,1,1,-200633392,Iamiaceae bacterium SCSIO 58843,bacteria
2665642,0,9.24881777060748,0,1,1,1,1835,Saccharopolyspora sp. E2A,bacteria
266748,0.953990277663311,9.25559161122628,1.10628511888606,0.292890909183946,1,1,59732,Chryseobacterium antarcticum,bacteria
2675219,0,9.24881777060748,0,1,1,1,1716,Corynebacterium sp. 2039,bacteria
2675236,0,9.24881777060748,0,1,1,1,186532,Lactococcus phage 5205F,viruses
2675253,0,9.24881777060748,0,1,1,1,-200010699,Lactococcus phage CHPC836,viruses
2676309,0,9.24881777060748,0,1,1,1,2053,Gordonia sp. 135,bacteria
2681984,0,9.24881777060748,0,1,1,1,551,Erwinia sp. J780,bacteria
2683590,0,9.24881777060748,0,1,1,1,1433997,Diaminobutyricimonas sp. LJ205,bacteria
2686304,0,9.24881777060748,0,1,1,1,1883,Streptomyces sp. T44,bacteria
2689328,0,9.2885033990599,0,1,1,1,-200011012,Atrato Partiti-like virus 3,viruses
2691571,0,9.24881777060748,0,1,1,1,40323,Stenotrophomonas sp. 364,bacteria
2696058,0,9.24881777060748,0,1,1,1,407,Methylobacterium sp. NI91,bacteria
2696060,0,9.24881777060748,0,1,1,1,407,Methylobacterium sp. CLZ,bacteria
2696379,0,9.24881777060748,0,1,1,1,-200010662,Escherichia phage alia,viruses
269660,0,9.25993247913659,0,1,1,1,407,Methylobacterium brachiatum,bacteria
2697032,0,9.24881777060748,0,1,1,1,54066,Xylophilus sp. KACC 21265,bacteria
2697563,0,9.24881777060748,0,1,1,1,1696,Brevibacterium sp. WO024,bacteria
2698900,0,9.24881777060748,0,1,1,1,2053,Gordonia sp. JH63,bacteria
2699182,0,9.24881777060748,0,1,1,1,-200,Candidatus Saccharibacteria bacterium FS15P,bacteria
2702,0.715621147814356,9.50897159743969,0.328968434416907,0.566267143516693,1,1,2701,Gardnerella vaginalis,bacteria
270351,2.34989125705343,9.29024776801239,3.64088577180691,0.0563769327927651,0.987855430521544,1,407,Methylobacterium aquaticum,bacteria
2703788,0,9.24881777060748,0,1,1,1,388463,Edaphobacter sp. 12200R-103,bacteria
2704465,0,9.24881777060748,0,1,1,1,455076,Rhodocytophaga sp. 172606-1,bacteria
2705458,0,9.24881777060748,0,1,1,1,547,Enterobacter sp. SES19,bacteria
2707174,0,9.24881777060748,0,1,1,1,1279,Enterobacter sp. T2,bacteria
2708117,0,9.24881777060748,0,1,1,1,1016,Capnocytophaga endodontalis,bacteria
2713414,0,9.24881777060748,0,1,1,1,59732,Chryseobacterium sp. POL2,bacteria
2714923,0,9.24881777060748,0,1,1,1,12916,Acidovorax sp. HDW3,bacteria
2714931,0,9.24881777060748,0,1,1,1,60919,Sanguibacter sp. HDW7,bacteria
2714933,0,9.24881777060748,0,1,1,1,55968,Leucobacter sp. HDW9A,bacteria
2714935,0,9.24881777060748,0,1,1,1,55968,Leucobacter sp. HDW9C,bacteria
2714943,0,9.24881777060748,0,1,1,1,13687,Sphingomonas sp. HDW15B,bacteria
2715163,0,9.24881777060748,0,1,1,1,469,Acinetobacter sp. 185,bacteria
2716225,0,9.24881777060748,0,1,1,1,47420,Hydrogenophaga sp. BA0156,bacteria
2716717,0,9.24881777060748,0,1,1,1,2237,Haloarcula sp. JP-L23,archaea
2719588,0,9.24881777060748,0,1,1,1,57493,Kocuria sp. KD4,bacteria
2720899,0,9.24881777060748,0,1,1,1,-200186766,Aedes japonicus narnavirus 1,viruses
2724,0,9.26339813041151,0,1,1,1,2723,Hirschia baltica,bacteria
2724619,0,9.24881777060748,0,1,1,1,59732,Chryseobacterium sp. NEB161,bacteria
273384,0,9.24881777060748,0,1,1,1,1696,Brevibacterium aurantiacum,bacteria
2736,0,9.25411632702715,0,1,1,1,2735,Verrucomicrobium spinosum,bacteria
2756,2.27637601409993,9.31852160026507,3.50944798169228,0.0610197838461027,0.987855430521544,1,2755,Brochothrix thermosphacta,bacteria
28035,1.58883686261121,9.27173667636367,2.08886758348668,0.148376018234739,0.987855430521544,1,1279,Staphylococcus lugdunensis,bacteria
28037,0.245519455610873,9.39855182582054,0.0497202169568709,0.823550834021278,1,1,1301,Streptococcus mitis,bacteria
28038,1.49037358924799,9.26161262133055,1.97567014663956,0.159847291903996,0.987855430521544,1,1578,Lactobacillus curvatus,bacteria
28068,0,9.27352724310139,0,1,1,1,28067,Rubrivivax gelatinosus,bacteria
28090,1.18785894884249,9.68558388580989,0.862474496623236,0.353047146587034,1,1,469,Acinetobacter lwoffii,bacteria
28095,1.58883686261121,9.26405009398851,2.08886758348668,0.148376018234738,0.987855430521544,1,32008,Burkholderia gladioli,bacteria
28132,0,9.27032890747452,0,1,1,1,838,Prevotella melaninogenica,bacteria
28135,0,9.27352724310139,0,1,1,1,838,Prevotella oris,bacteria
28141,0,9.28020233435844,0,1,1,1,413496,Cronobacter sakazakii,bacteria
28188,0,9.24881777060748,0,1,1,1,1016,Capnocytophaga canimorsus,bacteria
282217,0,9.24881777060748,0,1,1,1,34072,Variovorax sp. SRS16,bacteria
28258,0,9.24881777060748,0,1,1,1,204286,Cobetia marina,bacteria
283734,0,9.26741080760955,0,1,1,1,1279,Staphylococcus pseudintermedius,bacteria
284011,0,9.24881777060748,0,1,1,1,570,uncultured Klebsiella sp.,bacteria
28447,0,9.26818781926903,0,1,1,1,1573,Clavibacter michiganensis,bacteria
285,0,9.27706551009646,0,1,1,1,283,Comamonas testosteroni,bacteria
287,-0.705041120507929,9.42671261606864,0.269049742903547,0.603969926128354,1,1,286,Pseudomonas aeruginosa,bacteria
288000,-1.45223794463126,9.31539905732681,1.1464014329544,0.284303724656128,1,1,374,Bradyrhizobium sp. BTAi1,bacteria
28901,0.0917016228579818,9.62991239181836,0.01046101935259,0.918535124466131,1,1,590,Salmonella enterica,bacteria
293,2.88001919416188,9.31076612338302,5.00840407688188,0.0252245508743129,0.987855430521544,1,41275,Brevundimonas diminuta,bacteria
29303,0,9.24881777060748,0,1,1,1,1883,Streptomyces cattleya,bacteria
29314,0,9.24881777060748,0,1,1,1,1073531,Mycolicibacter hiberniae,bacteria
293424,0,9.24881777060748,0,1,1,1,2701,uncultured Gardnerella sp.,bacteria
29360,0,9.25527895153683,0,1,1,1,698776,Cellulosilyticum lentocellum,bacteria
29378,0,9.25276765217951,0,1,1,1,1279,Staphylococcus arlettae,bacteria
29379,0,9.2567124393626,0,1,1,1,1279,Staphylococcus auricularis,bacteria
29380,0,9.26339813041151,0,1,1,1,1279,Staphylococcus caprae,bacteria
29382,1.75677768410034,9.53793129140894,1.75405614139088,0.185367630379286,1,1,1279,Staphylococcus cohnii,bacteria
29388,1.42939364648468,9.59584613914228,1.2685845107757,0.260032392743019,1,1,1279,Staphylococcus capitis,bacteria
29391,0,9.25523121610517,0,1,1,1,1378,Gemella morbillorum,bacteria
29394,0,9.25718162934584,0,1,1,1,29393,Dolosigranulum pigrum,bacteria
294,4.8635405234888,10.1290623372146,11.2138069325717,0.000811909904575414,0.249514302242333,1,286,Pseudomonas fluorescens,bacteria
29405,0,9.27751753850258,0,1,1,1,29404,Microlunatus phosphovorus,bacteria
29429,0,9.24881777060748,0,1,1,1,2282523,Methylorubrum zatmanii,bacteria
29430,1.0255170531297,9.31839881937407,0.658469575188775,0.417100761237067,1,1,469,Acinetobacter haemolyticus,bacteria
29442,0,9.25960492948178,0,1,1,1,286,Pseudomonas tolaasii,bacteria
29466,1.55362783691195,9.29454822510115,2.04842689569347,0.152363549288585,0.987855430521544,1,29465,Veillonella parvula,bacteria
29486,1.4600005054488,9.27089564514181,1.94071073327985,0.163591384575743,0.9933741906768,1,629,Yersinia ruckeri,bacteria
296,2.29007545028543,9.30157930697164,3.53555327103215,0.060066291252419,0.987855430521544,1,286,Pseudomonas fragi,bacteria
296591,0,9.25588167131133,0,1,1,1,52972,Polaromonas sp. JS666,bacteria
298654,0,9.25286994162106,0,1,1,1,1854,Frankia inefficax,bacteria
299767,0,9.48261440709118,0,1,1,1,547,Enterobacter ludwigii,bacteria
300,0,9.26350573318981,0,1,1,1,286,Pseudomonas mendocina,bacteria
300019,0,9.24881777060748,0,1,1,1,33882,Microbacterium paludicola,bacteria
301,1.65889161428728,9.27452473463678,2.16912248532634,0.140806561495654,0.987855430521544,1,286,Pseudomonas oleovorans,bacteria
303,0.251714757632688,9.44119619534028,0.0467774616394792,0.828768735183061,1,1,286,Pseudomonas putida,bacteria
304378,0,9.24881777060748,0,1,1,1,13687,Sphingomonas sp. IC081,bacteria
304895,-1.26207855404529,9.26096359801797,1.51967945480692,0.217668007732922,1,1,414878,Catenulispora acidiphila,bacteria
305,0,9.25771223713917,0,1,1,1,48736,Ralstonia solanacearum,bacteria
312277,0,9.24881777060748,0,1,1,1,237,Flavobacterium indicum,bacteria
312306,0,9.26292840891051,0,1,1,1,286,Pseudomonas entomophila,bacteria
313598,0,9.24881777060748,0,1,1,1,52959,Polaribacter sp. MED152,bacteria
314282,0,9.24881777060748,0,1,1,1,67572,Psychromonas sp. CNPT3,bacteria
316,1.58883686261121,9.27905004513239,2.08886758348669,0.148376018234737,0.987855430521544,1,286,Pseudomonas stutzeri,bacteria
316068,0,9.27032890747452,0,1,1,1,319458,Leadbetterella byssophila,bacteria
31658,-1.34603964356773,9.335108888862,1.00140101062528,0.316971741614432,1,1,11051,Cell fusing agent virus,viruses
317,0.994319685561792,9.27549821595601,1.13384925730372,0.286955772220249,1,1,286,Pseudomonas syringae,bacteria
319707,0,9.24881777060748,0,1,1,1,1866885,Mycolicibacterium aubagnense,bacteria
31998,0,9.29330901560681,0,1,1,1,407,Methylobacterium radiotolerans,bacteria
32013,0,9.268285956367,0,1,1,1,283,Comamonas terrigena,bacteria
321249,0,9.24881777060748,0,1,1,1,110932,Leifsonia sp. ODP61203by2,bacteria
322596,0,9.24881777060748,0,1,1,1,57495,Dermacoccus abyssi,bacteria
326320,0,9.24881777060748,0,1,1,1,326319,Dokdonia donghaensis,bacteria
327575,0,9.25884570210325,0,1,1,1,1016,Capnocytophaga leadbetteri,bacteria
329,0,9.25847963126781,0,1,1,1,48736,Ralstonia pickettii,bacteria
33010,-1.3289438545891,9.34277419919545,0.980896557043589,0.321977560873412,1,1,1912216,Cutibacterium avidum,bacteria
33011,1.18475412603915,9.80949210888396,0.90057964069743,0.342626335724071,1,1,1912216,Cutibacterium granulosum,bacteria
33033,0,9.25628574217272,0,1,1,1,543311,Parvimonas micra,bacteria
33034,0.922747654253315,9.46535782102506,0.526073210832319,0.468262457995736,1,1,165779,Anaerococcus prevotii,bacteria
33052,0,9.25556023761071,0,1,1,1,165697,Sphingopyxis terrae,bacteria
332055,0,9.24881777060748,0,1,1,1,165695,Sphingobium indicum,bacteria
332614,0,9.24881777060748,0,1,1,1,-200,uncultured Pseudomonadales bacterium,bacteria
334542,1.58883686261121,9.27451949294819,2.08886758348669,0.148376018234737,0.987855430521544,1,1827,Rhodococcus qingshengii,bacteria
334852,1.53733618330807,9.311011908532,2.02958722127999,0.154262499930384,0.987855430521544,1,407,Methylobacterium oryzae,bacteria
337191,0,9.28184332845067,0,1,1,1,2053,Gordonia sp. KTR9,bacteria
339,0,9.25737446479659,0,1,1,1,338,Xanthomonas campestris,bacteria
33903,0,9.24881777060748,0,1,1,1,1883,Streptomyces avermitilis,bacteria
33934,0,9.2523891684683,0,1,1,1,150247,Anoxybacillus flavithermus,bacteria
33964,0,9.25847963126781,0,1,1,1,1243,Leuconostoc citreum,bacteria
33970,0,9.24881777060748,0,1,1,1,33969,Melissococcus plutonius,bacteria
34062,0.310296791208977,10.2720093503083,0.0659482548661714,0.797330141501844,1,1,475,Moraxella osloensis,bacteria
34073,0,9.29078807723343,0,1,1,1,34072,Variovorax paradoxus,bacteria
34085,0.994319685561792,9.2641009069088,1.13384925730372,0.286955772220249,1,1,34084,Riemerella anatipestifer,bacteria
343,0,9.25205238955361,0,1,1,1,338,Xanthomonas translucens,bacteria
343874,0.935450714140002,9.25522904353724,1.09339063414263,0.295721173185634,1,1,59734,Empedobacter falsenii,bacteria
344338,0,9.24881777060748,0,1,1,1,-200,uncultured Firmicutes bacterium,bacteria
346,1.52104336872596,9.26233503640855,2.01095947971905,0.156166525146924,0.987855430521544,1,338,Xanthomonas citri,bacteria
347534,0,9.24881777060748,0,1,1,1,347533,Zobellella denitrificans,bacteria
354,1.03498149826098,9.25743289653503,1.16094767050064,0.281269088601896,1,1,352,Azotobacter vinelandii,bacteria
35746,0,9.24881777060748,0,1,1,1,2251,Haloferax gibbonsii,archaea
35755,0,9.25939502458895,0,1,1,1,1716,Corynebacterium kutscheri,bacteria
35757,0,9.24881777060748,0,1,1,1,1716,Corynebacterium cystitidis,bacteria
357794,0,9.26700369176572,0,1,1,1,67572,Psychromonas ingrahamii,bacteria
357808,0,9.25793536528841,0,1,1,1,120961,Roseiflexus sp. RS-1,bacteria
358,1.16497136017919,9.33849074122564,0.799562578890988,0.371224183421602,1,1,357,Agrobacterium tumefaciens,bacteria
35806,0,9.2622725273704,0,1,1,1,34008,Rhodovulum sulfidophilum,bacteria
358220,0,9.25790440004941,0,1,1,1,12916,Acidovorax sp. KKS102,bacteria
358766,0,9.24881777060748,0,1,1,1,395331,Methanoregula boonei,archaea
359,1.55362783691195,9.27207777588578,2.04842689569347,0.152363549288585,0.987855430521544,1,357,Agrobacterium rhizogenes,bacteria
360911,1.49037358924799,9.31681598815301,1.97567014663957,0.159847291903995,0.987855430521544,1,33986,Exiguobacterium sp. AT1b,bacteria
364298,0,9.24881777060748,0,1,1,1,53457,Janibacter hoylei,bacteria
366602,0,9.25276765217951,0,1,1,1,75,Caulobacter sp. K31,bacteria
367477,0,9.26700369176572,0,1,1,1,33882,Microbacterium sp. XT11,bacteria
36809,-1.52358744151027,9.26001801459505,2.2887175313939,0.130317562624764,0.987855430521544,1,670516,Mycobacteroides abscessus,bacteria
36813,0,9.24881777060748,0,1,1,1,1866885,Mycolicibacterium pulveris,bacteria
36822,0.942836521482315,9.25537112300017,1.098544154051,0.294585823743913,1,1,2053,Gordonia rubripertincta,bacteria
37636,1.59723431526698,9.2642742700635,2.0985040383904,0.147443334042948,0.987855430521544,1,270,Thermus scotoductus,bacteria
37921,0,9.25527895153683,0,1,1,1,1663,Arthrobacter agilis,bacteria
37927,0,9.26143993878024,0,1,1,1,596707,Sinomonas atrocyanea,bacteria
380,0,9.25189370276006,0,1,1,1,28105,Sinorhizobium fredii,bacteria
38289,1.65889161428728,9.28407582667792,2.16912248532633,0.140806561495656,0.987855430521544,1,1716,Corynebacterium jeikeium,bacteria
38290,0,9.24881777060748,0,1,1,1,1716,Corynebacterium macginleyi,bacteria
38293,1.59723431526698,9.27440499580092,2.0985040383904,0.147443334042948,0.987855430521544,1,657,Photobacterium damselae,bacteria
38301,1.51368004380889,9.32519899145047,2.00248871110389,0.157041177242992,0.987855430521544,1,1716,Corynebacterium minutissimum,bacteria
38302,0,9.25524059131662,0,1,1,1,1716,Corynebacterium mycetoides,bacteria
384602,0,9.24881777060748,0,1,1,1,1269,Micrococcus flavus,bacteria
386891,0,9.25939502458895,0,1,1,1,475,Moraxella bovoculi,bacteria
388357,0,9.2566032901663,0,1,1,1,57493,Kocuria turfanensis,bacteria
392593,0,9.24881777060748,0,1,1,1,644355,Inhella inkyongensis,bacteria
393003,0,9.24881777060748,0,1,1,1,79328,Chitinophaga ginsengisegetis,bacteria
394958,0,9.24881777060748,0,1,1,1,1485,Clostridium taeniosporum,bacteria
39687,0,9.28188310656983,0,1,1,1,1866885,Mycolicibacterium austroafricanum,bacteria
39689,0,9.24881777060748,0,1,1,1,1763,Mycobacterium gallinarum,bacteria
39691,0,9.26100663087213,0,1,1,1,1866885,Mycolicibacterium moriokaense,bacteria
39692,0.999249815186872,9.25656503587025,1.13717241931741,0.286250603325166,1,1,1866885,Mycolicibacterium parafortuitum,bacteria
39694,0,9.24881777060748,0,1,1,1,1866885,Mycolicibacterium poriferae,bacteria
39695,0,9.24881777060748,0,1,1,1,1866885,Mycolicibacterium tokaiense,bacteria
39777,1.58883686261121,9.26405009398851,2.08886758348668,0.148376018234738,0.987855430521544,1,29465,Veillonella atypica,bacteria
39778,0,9.29244979165659,0,1,1,1,29465,Veillonella dispar,bacteria
400092,0,9.24881777060748,0,1,1,1,323449,Pontibacter korlensis,bacteria
400770,0,9.24881777060748,0,1,1,1,46913,Devosia ginsengisoli,bacteria
401472,0.107929845808156,9.51231149521854,0.00843146262070604,0.926838672965088,1,1,1716,Corynebacterium ureicelerivorans,bacteria
40214,3.73675971615425,9.5537083194313,7.40196351379457,0.00651527235085819,0.696343783433443,1,469,Acinetobacter johnsonii,bacteria
40215,1.65889161428728,9.36668836743139,2.16912248532633,0.140806561495654,0.987855430521544,1,469,Acinetobacter junii,bacteria
40216,2.26563523621685,9.29633146111566,3.49259732407969,0.0616437979172207,0.987855430521544,1,469,Acinetobacter radioresistens,bacteria
402297,0,9.24881777060748,0,1,1,1,1839,Nocardioides daphniae,bacteria
40324,1.1976896006875,9.7065101624054,0.889385515042648,0.345643881813878,1,1,40323,Stenotrophomonas maltophilia,bacteria
40542,0,9.25919774715116,0,1,1,1,32067,Leptotrichia buccalis,bacteria
406552,0,9.24881777060748,0,1,1,1,88723,Natrinema sp. J7-2,archaea
40681,1.55362783691195,9.26313861840403,2.04842689569347,0.152363549288586,0.987855430521544,1,13687,Sphingomonas asaccharolytica,bacteria
407035,0,9.2538407650491,0,1,1,1,45669,Salinicoccus halodurans,bacteria
408,0.708496422983149,9.84337262840367,0.325292392915003,0.568444335327862,1,1,2282523,Methylorubrum extorquens,bacteria
411153,0.994319685561792,9.26016017920616,1.13384925730372,0.286955772220249,1,1,292691,Gramella forsetii,bacteria
41276,1.16875265402845,11.0560939076901,0.933461076672131,0.333965178491431,1,1,41275,Brevundimonas vesicularis,bacteria
413497,0,9.27352724310139,0,1,1,1,413496,Cronobacter dublinensis,bacteria
413882,1.51368004380889,9.26215863410489,2.00248871110389,0.157041177242993,0.987855430521544,1,-200,[Polyangium] brachysporum,bacteria
417363,0,9.24881777060748,0,1,1,1,57494,uncultured Nesterenkonia sp.,bacteria
418223,0,9.24881777060748,0,1,1,1,407,Methylobacterium phyllosphaerae,bacteria
41899,0,9.24881777060748,0,1,1,1,32008,Burkholderia plantarii,bacteria
421525,2.05945204776331,9.27661453916461,2.97765799521008,0.0844213484930905,0.987855430521544,1,59732,Chryseobacterium haifense,bacteria
42197,0.916920244991618,9.25488577810075,1.08036497672711,0.298615922568063,1,1,40566,Actinosynnema pretiosum,bacteria
424800,0,9.24881777060748,0,1,1,1,13687,Sphingomonas insulae,bacteria
42817,0,9.24881777060748,0,1,1,1,1716,Corynebacterium argentoratense,bacteria
42895,0,9.24881777060748,0,1,1,1,547,Enterobacter sp.,bacteria
43263,0,9.25737446479659,0,1,1,1,286,Pseudomonas alcaligenes,bacteria
433924,0,9.25628574217272,0,1,1,1,433923,Pseudacidovorax intermedius,bacteria
436515,2.21826817623008,9.27818888690793,3.41023236860608,0.0647933220791861,0.987855430521544,1,34072,Variovorax boronicumulans,bacteria
43662,0,9.25905455547919,0,1,1,1,53246,Pseudoalteromonas piscicida,bacteria
43669,1.65889161428728,9.28400198904347,2.16912248532633,0.140806561495653,0.987855430521544,1,43668,Brachybacterium faecium,bacteria
43675,0.318313477509776,9.45646718442044,0.0694279226945511,0.792171551705954,1,1,32207,Rothia mucilaginosa,bacteria
43768,-1.66854240677484,9.32622168121499,2.48247052915222,0.115121296920141,0.987855430521544,1,1716,Corynebacterium matruchotii,bacteria
43769,0,9.29492500860984,0,1,1,1,1716,Corynebacterium propinquum,bacteria
43770,0,9.31066984690821,0,1,1,1,1716,Corynebacterium striatum,bacteria
43771,0,9.25588167131133,0,1,1,1,1716,Corynebacterium urealyticum,bacteria
437897,0,9.2567124393626,0,1,1,1,158846,Megamonas funiformis,bacteria
437900,0,9.24881777060748,0,1,1,1,286,Pseudomonas marincola,bacteria
43990,0,9.24881777060748,0,1,1,1,1716,Corynebacterium segmentosum,bacteria
441500,0,9.2584232349733,0,1,1,1,1716,Corynebacterium timonense,bacteria
450734,0.973489413301839,9.25599495500269,1.11969623003059,0.289983872869384,1,1,1839,Nocardioides dokdonensis,bacteria
451,1.51368004380889,9.26215863410489,2.00248871110389,0.157041177242993,0.987855430521544,1,465,Tatlockia micdadei,bacteria
453579,0,9.24881777060748,0,1,1,1,114248,uncultured Tepidimonas sp.,bacteria
45363,0,9.24881777060748,0,1,1,1,2093,Mycoplasma alkalescens,bacteria
45972,-2.0454021255488,9.28074326375696,2.98016989471762,0.0842904241326564,0.987855430521544,1,1279,Staphylococcus pasteuri,bacteria
46429,0,9.25818782223335,0,1,1,1,165695,Sphingobium chlorophenolicum,bacteria
466153,-2.00026123925282,9.27303526878498,2.92160155153403,0.087401076635737,0.987855430521544,1,466152,Singulisphaera acidiphila,bacteria
46680,1.49037358924799,9.28958201068146,1.97567014663957,0.159847291903995,0.987855430521544,1,286,Pseudomonas nitroreducens,bacteria
470,2.34699062348676,9.39252362962038,3.63214706721663,0.0566736586918618,0.987855430521544,1,469,Acinetobacter baumannii,bacteria
470933,0,9.24881777060748,0,1,1,1,53335,Pantoea eucalypti,bacteria
470934,0,9.27727585758652,0,1,1,1,53335,Pantoea vagans,bacteria
47671,0,9.26350573318981,0,1,1,1,47670,Lautropia mirabilis,bacteria
47715,2.34158201374701,9.31191101423434,3.62219786157923,0.0570135066569997,0.987855430521544,1,1578,Lactobacillus rhamnosus,bacteria
47878,0,9.26818626688176,0,1,1,1,286,Pseudomonas azotoformans,bacteria
47883,0,9.28170374950045,0,1,1,1,286,Pseudomonas synxantha,bacteria
47885,2.02002608194913,9.27200373545623,2.91459713113912,0.0877813321011741,0.987855430521544,1,286,Pseudomonas oryzihabitans,bacteria
480,0,9.2622725273704,0,1,1,1,475,Moraxella catarrhalis,bacteria
480943,0,9.24881777060748,0,1,1,1,-200,bacterium GI912,bacteria
482462,0,9.27352724310139,0,1,1,1,1763,Mycobacterium dioxanotrophicus,bacteria
482564,0,9.27569812625426,0,1,1,1,1158,Oscillatoria nigro-viridis,bacteria
48296,1.11758001058375,9.30484197632395,0.749708959963915,0.386568391410414,1,1,469,Acinetobacter pittii,bacteria
484,0,9.25686002424526,0,1,1,1,482,Neisseria flavescens,bacteria
488,0,9.26309687085258,0,1,1,1,482,Neisseria mucosa,bacteria
488447,0,9.25562634598356,0,1,1,1,32008,Burkholderia contaminans,bacteria
48935,0,9.24881777060748,0,1,1,1,165696,Novosphingobium aromaticivorans,bacteria
495,0,9.25527895153683,0,1,1,1,482,Neisseria elongata,bacteria
496014,0,9.24881777060748,0,1,1,1,2600304,Baekduia soli,bacteria
511,0,9.26700369176572,0,1,1,1,507,Alcaligenes faecalis,bacteria
51288,0,9.25739385019683,0,1,1,1,579,Kluyvera ascorbata,bacteria
515393,-0.0571744325532737,9.33695654404582,3.83488528683529e-05,0.995059015694412,1,1,286,Pseudomonas yamanorum,bacteria
526669,0,9.24881777060748,0,1,1,1,-200,uncultured bacterium KM3-18-F8,bacteria
52773,0,9.25699729819048,0,1,1,1,2529408,Schaalia meyeri,bacteria
528191,0,9.24881777060748,0,1,1,1,44249,Paenibacillus xylanexedens,bacteria
528244,0,9.27032890747452,0,1,1,1,191,Azospirillum thiophilum,bacteria
529,0,9.25739385019683,0,1,1,1,528,Ochrobactrum anthropi,bacteria
53358,0,9.25670585961494,0,1,1,1,53357,Intrasporangium calvum,bacteria
53412,0,9.27352724310139,0,1,1,1,286,Pseudomonas resinovorans,bacteria
53458,0,9.28500667377191,0,1,1,1,53457,Janibacter limosus,bacteria
536441,0,9.27784819296844,0,1,1,1,59732,Chryseobacterium taklimakanense,bacteria
54005,-2.0779506679251,9.27594631980305,3.02213009066379,0.0821355187387139,0.987855430521544,1,162289,Peptoniphilus harei,bacteria
542,0,9.27341440506635,0,1,1,1,541,Zymomonas mobilis,bacteria
54291,0,9.2525306352095,0,1,1,1,160674,Raoultella ornithinolytica,bacteria
54299,0,9.26121054713163,0,1,1,1,54298,Chroococcidiopsis thermalis,bacteria
544580,0,9.28559043429479,0,1,1,1,1654,Actinomyces oris,bacteria
546,3.17350981714604,9.32172733905789,5.80628567932841,0.0159689879242864,0.987855430521544,1,544,Citrobacter freundii,bacteria
546160,0,9.24881777060748,0,1,1,1,37914,Dietzia lutea,bacteria
548,0,9.26001147647507,0,1,1,1,570,Klebsiella aerogenes,bacteria
549,1.51368004380889,9.32166031464031,2.00248871110389,0.157041177242992,0.987855430521544,1,53335,Pantoea agglomerans,bacteria
550,0.999249815186872,9.42752952494984,1.13717241931739,0.286250603325171,1,1,547,Enterobacter cloacae,bacteria
55148,1.58883686261121,9.26405009398851,2.08886758348668,0.148376018234738,0.987855430521544,1,1298,Deinococcus proteolyticus,bacteria
552,1.58883686261121,9.28529334816297,2.08886758348669,0.148376018234737,0.987855430521544,1,551,Erwinia amylovora,bacteria
553,-1.26207855404529,9.31019474875428,1.51967945480692,0.217668007732923,1,1,53335,Pantoea ananatis,bacteria
553151,0,9.27906953630714,0,1,1,1,286,Pseudomonas pelagia,bacteria
553611,1.49244521791515,9.2616604027895,1.97805429443985,0.159595532944751,0.987855430521544,1,657,Photobacterium leiognathi,bacteria
553814,1.55362783691195,9.26313861840403,2.04842689569347,0.152363549288586,0.987855430521544,1,12916,Acidovorax carolinensis,bacteria
554,0,9.25737446479659,0,1,1,1,122277,Pectobacterium carotovorum,bacteria
554131,0,9.26341501522057,0,1,1,1,32012,Thiomonas sp. CB2,bacteria
554406,0,9.24881777060748,0,1,1,1,32067,Leptotrichia hongkongensis,bacteria
55508,0,9.25217929846722,0,1,1,1,29580,Janthinobacterium agaricidamnosum,bacteria
556,0,9.27162924399661,0,1,1,1,204037,Dickeya chrysanthemi,bacteria
55601,1.58883686261121,9.26405009398851,2.08886758348668,0.148376018234738,0.987855430521544,1,662,Vibrio anguillarum,bacteria
558152,-1.66854240677484,9.26316578544434,2.48247052915222,0.11512129692014,0.987855430521544,1,59732,Chryseobacterium piperi,bacteria
55969,0,9.26339813041151,0,1,1,1,55968,Leucobacter komagatae,bacteria
562,0.784632249303735,12.7318005582086,0.435084533883241,0.509504533436191,1,1,561,Escherichia coli,bacteria
564,0,9.2569621039552,0,1,1,1,561,Escherichia fergusonii,bacteria
565,0,9.25311710945963,0,1,1,1,1903434,Atlantibacter hermannii,bacteria
566,0,9.27209369921864,0,1,1,1,2055880,Pseudescherichia vulneris,bacteria
569,0,9.30141019926182,0,1,1,1,568,Hafnia alvei,bacteria
570505,0,9.24881777060748,0,1,1,1,407,Methylobacterium bullatum,bacteria
571913,0,9.25690987710601,0,1,1,1,745364,Luteipulveratus mongoliensis,bacteria
571915,1.55362783691195,9.26313861840403,2.04842689569347,0.152363549288586,0.987855430521544,1,1716,Corynebacterium mustelae,bacteria
573,4.38645329640411,11.2197269480741,9.87425100063207,0.00167607812541781,0.33789735008423,1,570,Klebsiella pneumoniae,bacteria
575,1.65889161428728,9.27407739191465,2.16912248532633,0.140806561495653,0.987855430521544,1,160674,Raoultella planticola,bacteria
582702,-1.52358744151027,9.26001801459505,2.2887175313939,0.130317562624764,0.987855430521544,1,75309,Rhodanobacter glycinis,bacteria
585,0,9.25394553059171,0,1,1,1,583,Proteus vulgaris,bacteria
587753,0.935450714140002,9.29189327729989,1.09339063414263,0.295721173185634,1,1,286,Pseudomonas chlororaphis,bacteria
588,0,9.25492493668824,0,1,1,1,586,Providencia stuartii,bacteria
588932,0,9.2607825388681,0,1,1,1,41275,Brevundimonas naejangsanensis,bacteria
589436,0,9.25468999117769,0,1,1,1,838,Prevotella fusca,bacteria
590652,0,9.24881777060748,0,1,1,1,1763,Mycobacterium paraseoulense,bacteria
59814,0,9.91925579398222,0,1,1,1,53335,Pantoea dispersa,bacteria
615,4.54831013673277,11.5241967933774,10.8459211651465,0.000990136120009259,0.249514302242333,1,613,Serratia marcescens,bacteria
61624,0.999249815186872,9.25656503587025,1.13717241931741,0.286250603325166,1,1,44249,Paenibacillus mucilaginosus,bacteria
61645,1.05310701167367,11.2649203763093,0.746839850631233,0.387478600844339,1,1,547,Enterobacter asburiae,bacteria
61647,0.973489413301839,9.26812559153643,1.11969623003059,0.289983872869383,1,1,1330546,Pluralibacter gergoviae,bacteria
62140,0,9.27352724310139,0,1,1,1,522,Acidiphilium multivorum,bacteria
622,0,9.25305837564826,0,1,1,1,620,Shigella dysenteriae,bacteria
623,1.59723431526698,9.33397639478287,2.09850403839041,0.147443334042947,0.987855430521544,1,620,Shigella flexneri,bacteria
629680,0,9.26700369176572,0,1,1,1,1696,Brevibacterium sandarakinum,bacteria
630,2.1939488568364,9.29125874384035,3.36835343218828,0.0664601479962677,0.987855430521544,1,629,Yersinia enterocolitica,bacteria
63186,0,9.24881777060748,0,1,1,1,112040,Zobellia galactanivorans,bacteria
632,2.17445780974031,9.33310507219879,3.33458994758519,0.0678373141222001,0.987855430521544,1,629,Yersinia pestis,bacteria
64320,0,14.1655933724217,0,1,1,1,11051,Zika virus,viruses
643214,0,9.26053841760319,0,1,1,1,1279,Staphylococcus stepanovicii,bacteria
648995,0,9.26025161568033,0,1,1,1,379,Rhizobium pusense,bacteria
649739,0,9.25784588441456,0,1,1,1,1654,Actinomyces sp. oral taxon 848,bacteria
649756,0,9.26298609950645,0,1,1,1,207244,Anaerostipes hadrus,bacteria
65058,2.38437163814155,9.36435572606548,3.70045654975399,0.0543975815958277,0.987855430521544,1,1716,Corynebacterium ulcerans,bacteria
651,1.52104336872596,9.26233503640855,2.01095947971905,0.156166525146924,0.987855430521544,1,642,Aeromonas media,bacteria
651561,0,9.28597412524873,0,1,1,1,59732,Chryseobacterium arthrosphaerae,bacteria
655307,0,9.24881777060748,0,1,1,1,482,Neisseria sp. KEM232,bacteria
655902,0,9.24881777060748,0,1,1,1,1883,Streptomyces sp. NK52,bacteria
656366,0,9.25287428259278,0,1,1,1,1663,Arthrobacter alpinus,bacteria
659014,0,9.24881777060748,0,1,1,1,120831,Dyadobacter soli,bacteria
661481,0,9.24881777060748,0,1,1,1,398041,Flavisolibacter ginsenosidimutans,bacteria
663,0,9.2623952839115,0,1,1,1,662,Vibrio alginolyticus,bacteria
664962,0,9.24881777060748,0,1,1,1,191,Azospirillum sp. TSH58,bacteria
665913,0,9.24881777060748,0,1,1,1,2100764,Mixta calida,bacteria
670052,0,9.27341440506635,0,1,1,1,69578,Cryobacterium arcticum,bacteria
671223,-1.30354653614876,9.28422499279027,1.54878716440508,0.213314577588963,1,1,1743,Propionibacterium sp. oral taxon 193,bacteria
67310,0,9.24881777060748,0,1,1,1,1883,Streptomyces kishiwadensis,bacteria
674034,0,9.24881777060748,0,1,1,1,286,Pseudomonas sp. J465,bacteria
67827,0,9.27032890747452,0,1,1,1,544,Citrobacter werkmanii,bacteria
678601,0,9.24881777060748,0,1,1,1,1279,Staphylococcus sp. CDC3,bacteria
68254,0,9.24881777060748,0,1,1,1,1883,Streptomyces phaeofaciens,bacteria
682998,0,9.24881777060748,0,1,1,1,191,Azospirillum sp. M2T2B2,bacteria
683124,1.03498149826098,9.27059715857157,1.16094767050065,0.281269088601895,1,1,237,Flavobacterium haoranii,bacteria
683846,0,9.24881777060748,0,1,1,1,685950,Fervidicoccus fontis,archaea
684552,0,9.25368576811148,0,1,1,1,46352,Agrococcus carbonis,bacteria
69220,0,9.24881777060748,0,1,1,1,1330545,Lelliottia nimipressuralis,bacteria
698382,0,9.24881777060748,0,1,1,1,-200,uncultured bacterium 164,bacteria
7,0,9.25394553059171,0,1,1,1,6,Azorhizobium caulinodans,bacteria
701042,0,9.24881777060748,0,1,1,1,1763,Mycobacterium marseillense,bacteria
702967,0,9.24881777060748,0,1,1,1,1716,Corynebacterium sp. NML98-0116,bacteria
703,0,9.25595087528903,0,1,1,1,702,Plesiomonas shigelloides,bacteria
70348,0,9.24881777060748,0,1,1,1,469,Acinetobacter dispersus,bacteria
706438,0,9.26812788613159,0,1,1,1,1654,Actinomyces sp. oral taxon 171,bacteria
70775,0,9.25626224701216,0,1,1,1,286,Pseudomonas plecoglossicida,bacteria
712122,0,9.2584232349733,0,1,1,1,1654,Actinomyces sp. oral taxon 414,bacteria
712270,0,9.24881777060748,0,1,1,1,37914,Dietzia sp. oral taxon 368,bacteria
712310,0,9.24881777060748,0,1,1,1,724,Haemophilus sp. oral taxon 036,bacteria
712624,0,9.24881777060748,0,1,1,1,1301,Streptococcus sp. oral taxon 064,bacteria
712633,0,9.24881777060748,0,1,1,1,1301,Streptococcus sp. oral taxon 431,bacteria
712710,0,9.26161695038452,0,1,1,1,195950,Tannerella sp. oral taxon HOT-286,bacteria
716925,0,9.25492493668824,0,1,1,1,106591,Ensifer sojae,bacteria
71999,1.50255692143637,9.26189572286988,1.98969055040447,0.158373238787958,0.987855430521544,1,57493,Kocuria palustris,bacteria
72,0,9.25438596424238,0,1,1,1,71,Simonsiella muelleri,bacteria
720,0,9.24881777060748,0,1,1,1,713,Actinobacillus lignieresii,bacteria
72000,0,9.25470277149947,0,1,1,1,57493,Kocuria rhizophila,bacteria
722731,0,9.24881777060748,0,1,1,1,1763,Mycobacterium shigaense,bacteria
726,-1.9679554781565,9.27189435841849,2.87944465695663,0.0897169583530786,0.987855430521544,1,724,Haemophilus haemolyticus,bacteria
727,0,9.25289612774851,0,1,1,1,724,Haemophilus influenzae,bacteria
730,0,9.26655750310326,0,1,1,1,724,[Haemophilus] ducreyi,bacteria
73044,0,9.24881777060748,0,1,1,1,1883,Streptomyces seoulensis,bacteria
731,0,9.25762736678322,0,1,1,1,214906,Histophilus somni,bacteria
732,0,9.25762736678322,0,1,1,1,416916,Aggregatibacter aphrophilus,bacteria
739141,0,9.24881777060748,0,1,1,1,407,Methylobacterium sp. XJLW,bacteria
742013,-0.529752773047517,9.36031389988628,0.143883300027866,0.704450604273181,1,1,80865,Delftia sp. Cs1-4,bacteria
743009,0,9.24881777060748,0,1,1,1,33882,Microbacterium oryzae,bacteria
74329,0,9.24881777060748,0,1,1,1,41275,Brevundimonas mediterranea,bacteria
75105,0.935450714140002,9.25522904353724,1.09339063414263,0.295721173185634,1,1,1822464,Paraburkholderia caribensis,bacteria
751944,0,9.24881777060748,0,1,1,1,2239,Halobacterium sp. DL1,archaea
754476,0,9.24881777060748,0,1,1,1,40222,Methylophaga nitratireducenticrescens,bacteria
754977,0,9.24881777060748,0,1,1,1,89966,Hymenobacter sp. MJ532,bacteria
75588,0,9.26107765891964,0,1,1,1,286,Pseudomonas libanensis,bacteria
75612,0,9.24881777060748,0,1,1,1,286,Pseudomonas mandelii,bacteria
756883,0,9.24881777060748,0,1,1,1,-200,halophilic archaeon DL31,archaea
756892,1.5706857691393,9.27293140451556,2.0680262777872,0.150416072518226,0.987855430521544,1,469,Acinetobacter indicus,bacteria
76258,0.935450714140002,9.25522904353724,1.09339063414263,0.295721173185634,1,1,662,Vibrio rumoiensis,bacteria
762954,0,9.24881777060748,0,1,1,1,1204360,Siansivirga zeaxanthinifaciens,bacteria
76594,0,9.24881777060748,0,1,1,1,104264,Cellulophaga baltica,bacteria
76731,1.65889161428728,9.2976824000354,2.16912248532633,0.140806561495654,0.987855430521544,1,93681,Roseateles depolymerans,bacteria
76759,2.02074685231539,9.27183417744555,2.92106985336661,0.0874298787594199,0.987855430521544,1,286,Pseudomonas monteilii,bacteria
76760,0,9.25884570210325,0,1,1,1,286,Pseudomonas rhodesiae,bacteria
76761,-0.968705662969628,9.29140137182606,0.519774493116703,0.470937892653992,1,1,286,Pseudomonas veronii,bacteria
77133,0.968939218141464,12.7832837493898,0.656349424817165,0.41785169962603,1,1,-200,uncultured bacterium,bacteria
795665,2.29007545028543,9.28718437593841,3.53555327103215,0.060066291252419,0.987855430521544,1,47420,Hydrogenophaga sp. PBC,bacteria
79885,2.24291914793481,9.27581261487602,3.4524686061927,0.0631573748556117,0.987855430521544,1,1386,Bacillus pseudofirmus,bacteria
80866,1.87861528518801,9.77444495184507,2.0105008149992,0.156213742757464,0.987855430521544,1,80865,Delftia acidovorans,bacteria
80867,-1.9679554781565,9.29631499318033,2.87944465695663,0.0897169583530786,0.987855430521544,1,12916,Acidovorax avenae,bacteria
80880,0,9.27254696941567,0,1,1,1,232523,Hylemonella gracilis,bacteria
81479,0,9.27706551009646,0,1,1,1,28065,Rhodoferax antarcticus,bacteria
817,0,9.27341440506635,0,1,1,1,816,Bacteroides fragilis,bacteria
823,0,9.25492493668824,0,1,1,1,375288,Parabacteroides distasonis,bacteria
82367,0,9.25285869846534,0,1,1,1,265,Paracoccus pantotrophus,bacteria
82380,1.92415241575894,9.28412711250532,2.77672073460901,0.0956438182043922,0.987855430521544,1,33882,Microbacterium oxydans,bacteria
83427,0,9.24881777060748,0,1,1,1,1301,uncultured Streptococcus sp.,bacteria
83453,0,9.25527895153683,0,1,1,1,44,Melittangium boletus,bacteria
83617,0,9.24881777060748,0,1,1,1,40323,Stenotrophomonas nitritireducens,bacteria
83655,4.7707472059764,9.55902610027911,10.8528332365551,0.000986447161131615,0.249514302242333,1,83654,Leclercia adecarboxylata,bacteria
837,1.4600005054488,9.26092859582074,1.94071073327985,0.163591384575743,0.9933741906768,1,836,Porphyromonas gingivalis,bacteria
84023,0,9.24881777060748,0,1,1,1,1485,Clostridium autoethanogenum,bacteria
84024,0,9.26239325551516,0,1,1,1,1485,Clostridium disporicum,bacteria
84135,1.55362783691195,9.29033147875308,2.04842689569347,0.152363549288585,0.987855430521544,1,1378,Gemella sanguinis,bacteria
84292,0,9.25286994162106,0,1,1,1,33882,Microbacterium chocolatum,bacteria
84531,0,9.25657138543528,0,1,1,1,68,Lysobacter antibioticus,bacteria
84595,0,9.259033933571,0,1,1,1,2053,Gordonia polyisoprenivorans,bacteria
851,1.55362783691195,9.27549864871101,2.04842689569347,0.152363549288585,0.987855430521544,1,848,Fusobacterium nucleatum,bacteria
85698,1.58883686261121,9.2718003465079,2.08886758348669,0.148376018234738,0.987855430521544,1,222,Achromobacter xylosoxidans,bacteria
857417,-0.877925885648862,9.59483022269819,0.468995012685639,0.493449873338917,1,1,53457,Janibacter indicus,bacteria
86027,0,9.24881777060748,0,1,1,1,-200,uncultured beta proteobacterium,bacteria
861299,-0.062121552476361,9.27614296817769,0.00434595757551648,0.947438430731255,1,1,1706036,Gemmatirosa kalamazoonesis,bacteria
863372,1.59723431526698,9.4471849728586,2.09850403839042,0.147443334042945,0.987855430521544,1,963,Herbaspirillum huttiense,bacteria
86473,0,9.24881777060748,0,1,1,1,-200,uncultured Gammaproteobacteria bacterium,bacteria
871234,0,9.24881777060748,0,1,1,1,570,Klebsiella sp. MB42,bacteria
879274,0.994319685561792,9.27589259515788,1.13384925730372,0.28695577222025,1,1,323620,Shinella sp. HZN7,bacteria
881260,0,9.24881777060748,0,1,1,1,547,Enterobacter bugandensis,bacteria
885322,0,9.24881777060748,0,1,1,1,547,Enterobacter sp. G8-6,bacteria
891974,0,9.32792418120622,0,1,1,1,-200000543,Plautia stali symbiont,bacteria
9,1.49037358924799,9.26161262133055,1.97567014663956,0.159847291903996,0.987855430521544,1,32199,Buchnera aphidicola,bacteria
912801,0,9.24881777060748,0,1,1,1,37914,Dietzia sp. DQ12-45-1b,bacteria
91750,0,9.24881777060748,0,1,1,1,-200,uncultured Alphaproteobacteria bacterium,bacteria
91915,0.999249815186872,9.25656503587025,1.13717241931741,0.286250603325166,1,1,91914,Asaia bogorensis,bacteria
925818,2.80043548998147,9.41756482106485,4.75685564906141,0.0291818116089943,0.987855430521544,1,407,Methylobacterium sp. AMS5,bacteria
936902,0,9.24881777060748,0,1,1,1,1269,Micrococcus sp. MG-2010-D12,bacteria
94132,0,9.25426420349768,0,1,1,1,174951,Ramlibacter tataouinensis,bacteria
94254,0,9.24881777060748,0,1,1,1,120831,Dyadobacter fermentans,bacteria
946333,1.65889161428728,9.26600292129747,2.16912248532633,0.140806561495654,0.987855430521544,1,212743,Rhizobacter gummiphilus,bacteria
948870,0,9.24881777060748,0,1,1,1,-200010662,Enterobacteria phage phi92,viruses
95485,0,9.25905455547919,0,1,1,1,32008,Burkholderia stabilis,bacteria
95486,0,9.25556023761071,0,1,1,1,32008,Burkholderia cenocepacia,bacteria
964,0,9.25807326167248,0,1,1,1,963,Herbaspirillum seropedicae,bacteria
986,0,9.25993247913659,0,1,1,1,237,Flavobacterium johnsoniae,bacteria
996801,0,9.24881777060748,0,1,1,1,52959,Polaribacter reichenbachii,bacteria
